sample_id,study_name,PMID,sample_accession,study_accession,bedaquiline,clofazimine,linezolid,delamanid,delamanid
SRR6824682,gomes2021;huang2019,,SRR6824682,NA,0,0,NA,0,
SRR6824447,gomes2021;huang2019,,SRR6824447,NA,0,0,NA,0,
SRR6824494,gomes2021;huang2019,,SRR6824494,NA,0,0,NA,0,
SRR6824495,gomes2021;huang2019,,SRR6824495,NA,0,0,NA,0,
SRR6824489,gomes2021;huang2019,,SRR6824489,NA,NA,0,NA,NA,
SRR6824612,gomes2021;huang2019,,SRR6824612,NA,0,0,NA,0,
SRR6824606,gomes2021;huang2019,,SRR6824606,NA,0,0,NA,0,
SRR6824461,gomes2021;huang2019,,SRR6824461,NA,0,0,NA,0,
SRR6824468,gomes2021;huang2019,,SRR6824468,NA,0,0,NA,0,
SRR6824582,gomes2021;huang2019,,SRR6824582,NA,0,0,NA,0,
SRR6824581,huang2019,,SRR6824581,NA,0,0,0,0,
SRR6824584,gomes2021;huang2019,,SRR6824584,NA,0,0,NA,0,
SRR6824389,gomes2021;huang2019,,SRR6824389,NA,0,0,NA,0,
SRR6824536,gomes2021;huang2019,,SRR6824536,NA,0,0,NA,0,
SRR6824532,gomes2021;huang2019,,SRR6824532,NA,0,0,NA,0,
SRR6824473,gomes2021;huang2019,,SRR6824473,NA,0,0,NA,0,
SRR6824355,gomes2021;huang2019,,SRR6824355,NA,0,0,NA,0,
SRR6824353,gomes2021;huang2019,,SRR6824353,NA,0,0,NA,0,
SRR6824704,gomes2021;huang2019,,SRR6824704,NA,0,0,NA,0,
SRR6824702,huang2019,,SRR6824702,NA,0,0,0,0,
SRR6824700,gomes2021;huang2019,,SRR6824700,NA,0,0,NA,0,
SRR6824699,gomes2021;huang2019,,SRR6824699,NA,0,0,NA,0,
SRR6824698,gomes2021;huang2019,,SRR6824698,NA,0,0,NA,0,
SRR6824590,gomes2021;huang2019,,SRR6824590,NA,0,0,NA,0,
SRR6824297,gomes2021;huang2019,,SRR6824297,NA,0,1,NA,0,
SRR6824681,gomes2021;huang2019,,SRR6824681,NA,0,0,NA,0,
SRR6824687,gomes2021;huang2019,,SRR6824687,NA,0,0,NA,0,
SRR6824330,gomes2021;huang2019,,SRR6824330,NA,0,0,NA,0,
SRR6824328,gomes2021;huang2019,,SRR6824328,NA,0,0,NA,0,
SRR6824332,gomes2021;huang2019,,SRR6824332,NA,0,0,NA,0,
SRR6824506,gomes2021;huang2019,,SRR6824506,NA,0,0,NA,0,
SRR6824499,gomes2021;huang2019,,SRR6824499,NA,0,0,NA,0,
SRR6824501,huang2019,,SRR6824501,NA,0,0,0,0,
SRR6824634,gomes2021;huang2019,,SRR6824634,NA,0,0,NA,0,
SRR6824635,gomes2021;huang2019,,SRR6824635,NA,0,0,NA,0,
SRR6824629,gomes2021;huang2019,,SRR6824629,NA,0,0,NA,0,
SRR6824372,gomes2021;huang2019,,SRR6824372,NA,0,0,NA,0,
SRR6824377,gomes2021;huang2019,,SRR6824377,NA,0,0,NA,0,
SRR6824430,gomes2021;huang2019,,SRR6824430,NA,0,1,NA,0,
SRR6824562,gomes2021;huang2019,,SRR6824562,NA,0,0,NA,0,
SRR6824559,gomes2021;huang2019,,SRR6824559,NA,0,0,NA,0,
SRR6824560,gomes2021;huang2019,,SRR6824560,NA,0,0,NA,1,
SRR6824558,gomes2021;huang2019,,SRR6824558,NA,0,0,NA,0,
SRR6824381,gomes2021;huang2019,,SRR6824381,NA,0,0,NA,0,
SRR6824690,gomes2021;huang2019,,SRR6824690,NA,0,0,NA,0,
SRR6824695,gomes2021;huang2019,,SRR6824695,NA,0,0,NA,0,
SRR6824692,gomes2021;huang2019,,SRR6824692,NA,0,0,NA,0,
SRR6824693,gomes2021;huang2019,,SRR6824693,NA,0,0,NA,0,
SRR6824573,gomes2021;huang2019,,SRR6824573,NA,1,0,NA,0,
SRR6824572,huang2019,,SRR6824572,NA,0,1,0,0,
SRR6824575,gomes2021;huang2019,,SRR6824575,NA,0,0,NA,0,
SRR6824456,gomes2021;huang2019,,SRR6824456,NA,0,0,NA,0,
SRR6824457,gomes2021;huang2019,,SRR6824457,NA,0,0,NA,0,
SRR6824452,gomes2021;huang2019,,SRR6824452,NA,0,0,NA,0,
SRR6824344,gomes2021;huang2019,,SRR6824344,NA,0,0,NA,0,
SRR6824338,gomes2021;huang2019,,SRR6824338,NA,0,0,NA,0,
SRR6824340,gomes2021;huang2019,,SRR6824340,NA,0,0,NA,0,
SRR6824337,gomes2021;huang2019,,SRR6824337,NA,0,0,NA,0,
SRR6824645,gomes2021;huang2019,,SRR6824645,NA,0,0,NA,0,
SRR6824641,gomes2021;huang2019,,SRR6824641,NA,0,0,NA,0,
SRR6824520,gomes2021;huang2019,,SRR6824520,NA,0,0,NA,0,
SRR6824405,gomes2021;huang2019,,SRR6824405,NA,0,0,NA,0,
SRR6824406,gomes2021;huang2019,,SRR6824406,NA,0,0,NA,0,
SRR6824402,gomes2021;huang2019,,SRR6824402,NA,0,0,NA,0,
SRR6824410,gomes2021;huang2019,,SRR6824410,NA,0,0,NA,0,
SRR6824290,gomes2021;huang2019,,SRR6824290,NA,0,0,NA,0,
SRR6824596,gomes2021;huang2019,,SRR6824596,NA,0,0,NA,0,
SRR6824601,gomes2021;huang2019,,SRR6824601,NA,0,0,NA,0,
SRR6824600,gomes2021;huang2019,,SRR6824600,NA,0,0,NA,0,
SRR6824361,gomes2021;huang2019,,SRR6824361,NA,0,0,NA,0,
SRR6824359,gomes2021;huang2019,,SRR6824359,NA,0,0,NA,0,
SRR6824481,gomes2021;huang2019,,SRR6824481,NA,0,0,NA,0,
SRR6824543,gomes2021;huang2019,,SRR6824543,NA,0,0,NA,0,
SRR6824616,gomes2021;huang2019,,SRR6824616,NA,0,0,NA,0,
SRR6824666,gomes2021;huang2019,,SRR6824666,NA,0,0,NA,0,
SRR6824665,gomes2021;huang2019,,SRR6824665,NA,0,0,NA,0,
SRR6824661,gomes2021;huang2019,,SRR6824661,NA,0,0,NA,0,
SRR6824660,gomes2021;huang2019,,SRR6824660,NA,0,0,NA,0,
SRR6824311,gomes2021;huang2019,,SRR6824311,NA,0,0,NA,0,
SRR6824312,gomes2021;huang2019,,SRR6824312,NA,0,0,NA,0,
SRR6824310,gomes2021;huang2019,,SRR6824310,NA,0,0,NA,0,
SRR6824306,gomes2021;huang2019,,SRR6824306,NA,0,0,NA,0,
SRR6824414,huang2019,,SRR6824414,NA,0,0,0,0,
SRR6824334,gomes2021;huang2019,,SRR6824334,NA,0,0,NA,0,
SRR6824448,gomes2021;huang2019,,SRR6824448,NA,0,0,NA,0,
SRR6824292,gomes2021;huang2019,,SRR6824292,NA,0,0,NA,0,
SRR6824285,gomes2021;huang2019,,SRR6824285,NA,0,0,NA,0,
SRR6824708,gomes2021;huang2019,,SRR6824708,NA,0,0,NA,0,
SRR6824597,gomes2021;huang2019,,SRR6824597,NA,0,0,NA,0,
SRR6824412,gomes2021;huang2019,,SRR6824412,NA,0,0,NA,0,
SRR6824411,gomes2021;huang2019,,SRR6824411,NA,0,0,NA,0,
SRR6824346,gomes2021;huang2019,,SRR6824346,NA,0,0,NA,0,
SRR6824304,huang2019,,SRR6824304,NA,0,0,0,0,
SRR6824493,gomes2021;huang2019,,SRR6824493,NA,0,0,NA,0,
SRR6824496,gomes2021;huang2019,,SRR6824496,NA,0,0,NA,0,
SRR6824490,gomes2021;huang2019,,SRR6824490,NA,0,0,NA,0,
SRR6824491,gomes2021;huang2019,,SRR6824491,NA,0,0,NA,0,
SRR6824492,gomes2021;huang2019,,SRR6824492,NA,0,0,NA,0,
SRR6824487,gomes2021;huang2019,,SRR6824487,NA,0,0,NA,0,
SRR6824488,gomes2021;huang2019,,SRR6824488,NA,0,0,NA,0,
SRR6824610,gomes2021;huang2019,,SRR6824610,NA,0,0,NA,0,
SRR6824609,gomes2021;huang2019,,SRR6824609,NA,0,0,NA,0,
SRR6824608,gomes2021;huang2019,,SRR6824608,NA,NA,0,NA,NA,
SRR6824607,gomes2021;huang2019,,SRR6824607,NA,NA,0,NA,NA,
SRR6824614,gomes2021;huang2019,,SRR6824614,NA,0,0,NA,0,
SRR6824613,gomes2021;huang2019,,SRR6824613,NA,0,0,NA,0,
SRR6824611,gomes2021;huang2019,,SRR6824611,NA,0,0,NA,0,
SRR6824605,huang2019,,SRR6824605,NA,0,0,0,0,
SRR6824463,gomes2021;huang2019,,SRR6824463,NA,0,0,NA,0,
SRR6824464,gomes2021;huang2019,,SRR6824464,NA,0,0,NA,0,
SRR6824462,gomes2021;huang2019,,SRR6824462,NA,0,0,NA,0,
SRR6824467,gomes2021;huang2019,,SRR6824467,NA,0,0,NA,0,
SRR6824527,gomes2021;huang2019,,SRR6824527,NA,0,0,NA,0,
SRR6824528,gomes2021;huang2019,,SRR6824528,NA,0,0,NA,0,
SRR6824471,gomes2021;huang2019,,SRR6824471,NA,0,0,NA,0,
SRR6824530,gomes2021;huang2019,,SRR6824530,NA,0,0,NA,0,
SRR6824578,gomes2021;huang2019,,SRR6824578,NA,0,0,NA,0,
SRR6824577,gomes2021;huang2019,,SRR6824577,NA,0,0,NA,0,
SRR6824580,gomes2021;huang2019,,SRR6824580,NA,0,0,NA,0,
SRR6824579,gomes2021;huang2019,,SRR6824579,NA,0,0,NA,0,
SRR6824583,gomes2021;huang2019,,SRR6824583,NA,0,0,NA,0,
SRR6824390,gomes2021;huang2019,,SRR6824390,NA,0,0,NA,0,
SRR6824651,gomes2021;huang2019,,SRR6824651,NA,0,0,NA,0,
SRR6824650,gomes2021;huang2019,,SRR6824650,NA,0,0,NA,0,
SRR6824649,gomes2021;huang2019,,SRR6824649,NA,0,0,NA,0,
SRR6824648,gomes2021;huang2019,,SRR6824648,NA,0,0,NA,0,
SRR6824655,gomes2021;huang2019,,SRR6824655,NA,0,0,NA,0,
SRR6824654,gomes2021;huang2019,,SRR6824654,NA,0,0,NA,0,
SRR6824653,gomes2021;huang2019,,SRR6824653,NA,0,0,NA,0,
SRR6824652,gomes2021;huang2019,,SRR6824652,NA,0,0,NA,0,
SRR6824657,gomes2021;huang2019,,SRR6824657,NA,0,0,NA,0,
SRR6824656,gomes2021;huang2019,,SRR6824656,NA,0,0,NA,0,
SRR6824535,gomes2021;huang2019,,SRR6824535,NA,0,0,NA,0,
SRR6824537,gomes2021;huang2019,,SRR6824537,NA,0,0,NA,0,
SRR6824538,gomes2021;huang2019,,SRR6824538,NA,0,0,NA,0,
SRR6824531,gomes2021;huang2019,,SRR6824531,NA,0,0,NA,0,
SRR6824533,gomes2021;huang2019,,SRR6824533,NA,0,0,NA,0,
SRR6824534,gomes2021;huang2019,,SRR6824534,NA,0,0,NA,0,
SRR6824539,gomes2021;huang2019,,SRR6824539,NA,0,0,NA,0,
SRR6824540,gomes2021;huang2019,,SRR6824540,NA,0,1,NA,0,
SRR6824474,gomes2021;huang2019,,SRR6824474,NA,0,0,NA,0,
SRR6824476,gomes2021;huang2019,,SRR6824476,NA,0,0,NA,0,
SRR6824475,gomes2021;huang2019,,SRR6824475,NA,0,0,NA,0,
SRR6824470,gomes2021;huang2019,,SRR6824470,NA,0,0,NA,0,
SRR6824469,gomes2021;huang2019,,SRR6824469,NA,0,0,NA,0,
SRR6824472,gomes2021;huang2019,,SRR6824472,NA,0,0,NA,0,
SRR6824529,gomes2021;huang2019,,SRR6824529,NA,0,0,NA,0,
SRR6824466,gomes2021;huang2019,,SRR6824466,NA,0,0,NA,0,
SRR6824465,gomes2021;huang2019,,SRR6824465,NA,0,0,NA,0,
SRR6824356,gomes2021;huang2019,,SRR6824356,NA,0,0,NA,0,
SRR6824354,gomes2021;huang2019,,SRR6824354,NA,0,0,NA,0,
SRR6824351,gomes2021;huang2019,,SRR6824351,NA,0,0,NA,0,
SRR6824352,gomes2021;huang2019,,SRR6824352,NA,0,0,NA,0,
SRR6824349,gomes2021;huang2019,,SRR6824349,NA,0,1,NA,0,
SRR6824350,gomes2021;huang2019,,SRR6824350,NA,0,0,NA,0,
SRR6824347,gomes2021;huang2019,,SRR6824347,NA,0,0,NA,0,
SRR6824348,gomes2021;huang2019,,SRR6824348,NA,0,0,NA,0,
SRR6824705,gomes2021;huang2019,,SRR6824705,NA,0,0,NA,0,
SRR6824703,gomes2021;huang2019,,SRR6824703,NA,0,0,NA,0,
SRR6824701,gomes2021;huang2019,,SRR6824701,NA,0,0,NA,0,
SRR6824707,huang2019,,SRR6824707,NA,0,0,0,0,
SRR6824706,gomes2021;huang2019,,SRR6824706,NA,0,0,NA,0,
SRR6824585,gomes2021;huang2019,,SRR6824585,NA,0,0,NA,0,
SRR6824586,gomes2021;huang2019,,SRR6824586,NA,0,0,NA,0,
SRR6824587,gomes2021;huang2019,,SRR6824587,NA,0,0,NA,0,
SRR6824588,gomes2021;huang2019,,SRR6824588,NA,0,0,NA,0,
SRR6824589,gomes2021;huang2019,,SRR6824589,NA,0,0,NA,0,
SRR6824591,gomes2021;huang2019,,SRR6824591,NA,0,0,NA,0,
SRR6824296,gomes2021;huang2019,,SRR6824296,NA,0,0,NA,0,
SRR6824294,gomes2021;huang2019,,SRR6824294,NA,0,0,NA,0,
SRR6824295,gomes2021;huang2019,,SRR6824295,NA,0,1,NA,0,
SRR6824300,gomes2021;huang2019,,SRR6824300,NA,0,0,NA,0,
SRR6824301,gomes2021;huang2019,,SRR6824301,NA,0,0,NA,0,
SRR6824298,gomes2021;huang2019,,SRR6824298,NA,0,0,NA,0,
SRR6824299,huang2019,,SRR6824299,NA,0,0,0,0,
SRR6824302,gomes2021;huang2019,,SRR6824302,NA,0,0,NA,0,
SRR6824303,gomes2021;huang2019,,SRR6824303,NA,0,1,NA,0,
SRR6824680,gomes2021;huang2019,,SRR6824680,NA,0,0,NA,0,
SRR6824678,gomes2021;huang2019,,SRR6824678,NA,0,0,NA,0,
SRR6824679,gomes2021;huang2019,,SRR6824679,NA,0,0,NA,0,
SRR6824684,gomes2021;huang2019,,SRR6824684,NA,0,0,NA,1,
SRR6824685,gomes2021;huang2019,,SRR6824685,NA,0,0,NA,0,
SRR6824683,gomes2021;huang2019,,SRR6824683,NA,0,0,NA,0,
SRR6824686,gomes2021;huang2019,,SRR6824686,NA,0,0,NA,0,
SRR6824331,gomes2021;huang2019,,SRR6824331,NA,0,0,NA,0,
SRR6824329,gomes2021;huang2019,,SRR6824329,NA,0,0,NA,0,
SRR6824335,gomes2021;huang2019,,SRR6824335,NA,0,1,NA,0,
SRR6824333,gomes2021;huang2019,,SRR6824333,NA,0,1,NA,0,
SRR6824327,gomes2021;huang2019,,SRR6824327,NA,NA,0,NA,NA,
SRR6824326,gomes2021;huang2019,,SRR6824326,NA,0,0,NA,0,
SRR6824445,gomes2021;huang2019,,SRR6824445,NA,0,0,NA,0,
SRR6824446,gomes2021;huang2019,,SRR6824446,NA,0,1,NA,0,
SRR6824441,gomes2021;huang2019,,SRR6824441,NA,0,0,NA,0,
SRR6824442,gomes2021;huang2019,,SRR6824442,NA,0,0,NA,0,
SRR6824443,gomes2021;huang2019,,SRR6824443,NA,0,0,NA,0,
SRR6824444,gomes2021;huang2019,,SRR6824444,NA,0,0,NA,0,
SRR6824449,gomes2021;huang2019,,SRR6824449,NA,0,0,NA,0,
SRR6824450,gomes2021;huang2019,,SRR6824450,NA,0,0,NA,0,
SRR6824504,gomes2021;huang2019,,SRR6824504,NA,0,0,NA,0,
SRR6824503,gomes2021;huang2019,,SRR6824503,NA,0,0,NA,0,
SRR6824505,gomes2021;huang2019,,SRR6824505,NA,0,0,NA,0,
SRR6824500,gomes2021;huang2019,,SRR6824500,NA,0,0,NA,0,
SRR6824502,gomes2021;huang2019,,SRR6824502,NA,0,1,NA,0,
SRR6824498,gomes2021;huang2019,,SRR6824498,NA,0,0,NA,0,
SRR6824497,gomes2021;huang2019,,SRR6824497,NA,0,0,NA,1,
SRR6824636,gomes2021;huang2019,,SRR6824636,NA,0,0,NA,0,
SRR6824637,gomes2021;huang2019,,SRR6824637,NA,0,0,NA,0,
SRR6824632,gomes2021;huang2019,,SRR6824632,NA,0,0,NA,0,
SRR6824633,gomes2021;huang2019,,SRR6824633,NA,0,0,NA,0,
SRR6824630,gomes2021;huang2019,,SRR6824630,NA,0,0,NA,0,
SRR6824631,gomes2021;huang2019,,SRR6824631,NA,0,0,NA,0,
SRR6824628,gomes2021;huang2019,,SRR6824628,NA,0,0,NA,0,
SRR6824675,gomes2021;huang2019,,SRR6824675,NA,0,0,NA,0,
SRR6824674,gomes2021;huang2019,,SRR6824674,NA,0,0,NA,0,
SRR6824673,gomes2021;huang2019,,SRR6824673,NA,0,0,NA,0,
SRR6824672,gomes2021;huang2019,,SRR6824672,NA,0,0,NA,0,
SRR6824671,huang2019,,SRR6824671,NA,0,0,0,0,
SRR6824670,gomes2021;huang2019,,SRR6824670,NA,0,0,NA,0,
SRR6824669,gomes2021;huang2019,,SRR6824669,NA,0,0,NA,0,
SRR6824668,huang2019,,SRR6824668,NA,0,0,0,0,
SRR6824677,gomes2021;huang2019,,SRR6824677,NA,0,0,NA,0,
SRR6824676,gomes2021;huang2019,,SRR6824676,NA,0,0,NA,0,
SRR6824368,gomes2021;huang2019,,SRR6824368,NA,0,1,NA,0,
SRR6824369,gomes2021;huang2019,,SRR6824369,NA,0,0,NA,0,
SRR6824370,gomes2021;huang2019,,SRR6824370,NA,0,0,NA,0,
SRR6824371,gomes2021;huang2019,,SRR6824371,NA,0,0,NA,0,
SRR6824373,gomes2021;huang2019,,SRR6824373,NA,0,0,NA,0,
SRR6824374,gomes2021;huang2019,,SRR6824374,NA,0,0,NA,0,
SRR6824375,gomes2021;huang2019,,SRR6824375,NA,0,0,NA,0,
SRR6824376,gomes2021;huang2019,,SRR6824376,NA,0,0,NA,0,
SRR6824429,gomes2021;huang2019,,SRR6824429,NA,0,0,NA,0,
SRR6824432,gomes2021;huang2019,,SRR6824432,NA,0,0,NA,0,
SRR6824431,gomes2021;huang2019,,SRR6824431,NA,0,0,NA,0,
SRR6824434,gomes2021;huang2019,,SRR6824434,NA,0,1,NA,0,
SRR6824433,gomes2021;huang2019,,SRR6824433,NA,0,0,NA,0,
SRR6824436,huang2019,,SRR6824436,NA,0,1,1,0,
SRR6824435,gomes2021;huang2019,,SRR6824435,NA,0,0,NA,0,
SRR6824428,gomes2021;huang2019,,SRR6824428,NA,0,0,NA,0,
SRR6824427,gomes2021;huang2019,,SRR6824427,NA,0,0,NA,0,
SRR6824561,gomes2021;huang2019,,SRR6824561,NA,0,0,NA,0,
SRR6824565,gomes2021;huang2019,,SRR6824565,NA,0,0,NA,0,
SRR6824566,gomes2021;huang2019,,SRR6824566,NA,0,0,NA,0,
SRR6824563,gomes2021;huang2019,,SRR6824563,NA,0,0,NA,0,
SRR6824564,gomes2021;huang2019,,SRR6824564,NA,0,0,NA,0,
SRR6824557,gomes2021;huang2019,,SRR6824557,NA,0,0,NA,0,
SRR6824379,gomes2021;huang2019,,SRR6824379,NA,0,0,NA,0,
SRR6824378,gomes2021;huang2019,,SRR6824378,NA,0,0,NA,0,
SRR6824380,gomes2021;huang2019,,SRR6824380,NA,0,0,NA,0,
SRR6824383,gomes2021;huang2019,,SRR6824383,NA,0,0,NA,0,
SRR6824382,gomes2021;huang2019,,SRR6824382,NA,0,0,NA,0,
SRR6824385,gomes2021;huang2019,,SRR6824385,NA,0,0,NA,0,
SRR6824384,gomes2021;huang2019,,SRR6824384,NA,0,0,NA,0,
SRR6824387,gomes2021;huang2019,,SRR6824387,NA,0,0,NA,0,
SRR6824386,gomes2021;huang2019,,SRR6824386,NA,0,0,NA,0,
SRR6824691,gomes2021;huang2019,,SRR6824691,NA,0,1,NA,0,
SRR6824688,gomes2021;huang2019,,SRR6824688,NA,0,0,NA,1,
SRR6824689,gomes2021;huang2019,,SRR6824689,NA,0,0,NA,0,
SRR6824694,gomes2021;huang2019,,SRR6824694,NA,0,0,NA,0,
SRR6824696,gomes2021;huang2019,,SRR6824696,NA,0,0,NA,0,
SRR6824697,gomes2021;huang2019,,SRR6824697,NA,0,0,NA,0,
SRR6824574,gomes2021;huang2019,,SRR6824574,NA,0,0,NA,0,
SRR6824571,gomes2021;huang2019,,SRR6824571,NA,0,0,NA,0,
SRR6824570,gomes2021;huang2019,,SRR6824570,NA,0,0,NA,0,
SRR6824569,gomes2021;huang2019,,SRR6824569,NA,0,0,NA,0,
SRR6824568,gomes2021;huang2019,,SRR6824568,NA,0,0,NA,0,
SRR6824567,gomes2021;huang2019,,SRR6824567,NA,0,0,NA,0,
SRR6824576,gomes2021;huang2019,,SRR6824576,NA,0,0,NA,0,
SRR6824453,gomes2021;huang2019,,SRR6824453,NA,0,0,NA,0,
SRR6824454,gomes2021;huang2019,,SRR6824454,NA,0,0,NA,0,
SRR6824455,gomes2021;huang2019,,SRR6824455,NA,0,0,NA,0,
SRR6824458,gomes2021;huang2019,,SRR6824458,NA,0,0,NA,0,
SRR6824459,gomes2021;huang2019,,SRR6824459,NA,0,0,NA,0,
SRR6824460,gomes2021;huang2019,,SRR6824460,NA,0,0,NA,0,
SRR6824451,gomes2021;huang2019,,SRR6824451,NA,0,0,NA,0,
SRR6824343,gomes2021;huang2019,,SRR6824343,NA,0,0,NA,0,
SRR6824342,gomes2021;huang2019,,SRR6824342,NA,0,0,NA,0,
SRR6824345,gomes2021;huang2019,,SRR6824345,NA,0,0,NA,0,
SRR6824339,huang2019,,SRR6824339,NA,0,0,0,0,
SRR6824341,gomes2021;huang2019,,SRR6824341,NA,0,0,NA,0,
SRR6824336,gomes2021;huang2019,,SRR6824336,NA,0,0,NA,0,
SRR6824646,huang2019,,SRR6824646,NA,0,1,0,1,
SRR6824647,gomes2021;huang2019,,SRR6824647,NA,0,0,NA,0,
SRR6824644,gomes2021;huang2019,,SRR6824644,NA,0,0,NA,0,
SRR6824642,gomes2021;huang2019,,SRR6824642,NA,0,1,NA,0,
SRR6824643,gomes2021;huang2019,,SRR6824643,NA,0,0,NA,0,
SRR6824640,gomes2021;huang2019,,SRR6824640,NA,0,0,NA,0,
SRR6824638,gomes2021;huang2019,,SRR6824638,NA,0,0,NA,0,
SRR6824639,gomes2021;huang2019,,SRR6824639,NA,0,1,NA,0,
SRR6824519,gomes2021;huang2019,,SRR6824519,NA,0,0,NA,0,
SRR6824518,gomes2021;huang2019,,SRR6824518,NA,0,0,NA,0,
SRR6824517,gomes2021;huang2019,,SRR6824517,NA,0,0,NA,0,
SRR6824524,gomes2021;huang2019,,SRR6824524,NA,0,0,NA,0,
SRR6824523,gomes2021;huang2019,,SRR6824523,NA,0,0,NA,0,
SRR6824522,gomes2021;huang2019,,SRR6824522,NA,0,1,NA,0,
SRR6824521,gomes2021;huang2019,,SRR6824521,NA,0,0,NA,0,
SRR6824526,gomes2021;huang2019,,SRR6824526,NA,0,1,NA,0,
SRR6824525,gomes2021;huang2019,,SRR6824525,NA,0,0,NA,0,
SRR6824407,gomes2021;huang2019,,SRR6824407,NA,0,0,NA,0,
SRR6824408,gomes2021;huang2019,,SRR6824408,NA,0,0,NA,0,
SRR6824401,gomes2021;huang2019,,SRR6824401,NA,0,1,NA,0,
SRR6824403,gomes2021;huang2019,,SRR6824403,NA,0,1,NA,0,
SRR6824404,gomes2021;huang2019,,SRR6824404,NA,0,0,NA,0,
SRR6824409,gomes2021;huang2019,,SRR6824409,NA,0,0,NA,0,
SRR6824287,gomes2021;huang2019,,SRR6824287,NA,0,0,NA,0,
SRR6824286,gomes2021;huang2019,,SRR6824286,NA,0,0,NA,0,
SRR6824289,gomes2021;huang2019,,SRR6824289,NA,0,0,NA,0,
SRR6824288,gomes2021;huang2019,,SRR6824288,NA,0,0,NA,0,
SRR6824291,gomes2021;huang2019,,SRR6824291,NA,0,0,NA,0,
SRR6824293,gomes2021;huang2019,,SRR6824293,NA,0,0,NA,0,
SRR6824598,gomes2021;huang2019,,SRR6824598,NA,0,0,NA,0,
SRR6824595,gomes2021;huang2019,,SRR6824595,NA,0,0,NA,0,
SRR6824602,gomes2021;huang2019,,SRR6824602,NA,0,0,NA,0,
SRR6824599,gomes2021;huang2019,,SRR6824599,NA,0,0,NA,0,
SRR6824593,gomes2021;huang2019,,SRR6824593,NA,1,1,NA,0,
SRR6824594,gomes2021;huang2019,,SRR6824594,NA,0,0,NA,0,
SRR6824362,gomes2021;huang2019,,SRR6824362,NA,0,0,NA,0,
SRR6824360,gomes2021;huang2019,,SRR6824360,NA,0,0,NA,0,
SRR6824365,gomes2021;huang2019,,SRR6824365,NA,0,0,NA,0,
SRR6824366,gomes2021;huang2019,,SRR6824366,NA,0,0,NA,0,
SRR6824363,gomes2021;huang2019,,SRR6824363,NA,0,0,NA,0,
SRR6824364,huang2019,,SRR6824364,NA,0,0,0,0,
SRR6824357,huang2019,,SRR6824357,NA,0,0,0,0,
SRR6824358,gomes2021;huang2019,,SRR6824358,NA,0,0,NA,0,
SRR6824480,gomes2021;huang2019,,SRR6824480,NA,0,0,NA,0,
SRR6824479,gomes2021;huang2019,,SRR6824479,NA,0,0,NA,0,
SRR6824482,gomes2021;huang2019,,SRR6824482,NA,0,0,NA,0,
SRR6824484,gomes2021;huang2019,,SRR6824484,NA,0,1,NA,0,
SRR6824483,gomes2021;huang2019,,SRR6824483,NA,0,0,NA,0,
SRR6824486,gomes2021;huang2019,,SRR6824486,NA,0,0,NA,0,
SRR6824485,gomes2021;huang2019,,SRR6824485,NA,0,0,NA,0,
SRR6824478,gomes2021;huang2019,,SRR6824478,NA,0,0,NA,0,
SRR6824477,gomes2021;huang2019,,SRR6824477,NA,0,0,NA,0,
SRR6824541,gomes2021;huang2019,,SRR6824541,NA,0,0,NA,0,
SRR6824542,gomes2021;huang2019,,SRR6824542,NA,0,0,NA,0,
SRR6824604,gomes2021;huang2019,,SRR6824604,NA,0,0,NA,0,
SRR6824545,gomes2021;huang2019,,SRR6824545,NA,0,0,NA,0,
SRR6824546,gomes2021;huang2019,,SRR6824546,NA,0,0,NA,0,
SRR6824547,gomes2021;huang2019,,SRR6824547,NA,0,0,NA,0,
SRR6824548,gomes2021;huang2019,,SRR6824548,NA,0,0,NA,0,
SRR6824615,gomes2021;huang2019,,SRR6824615,NA,0,0,NA,0,
SRR6824667,gomes2021;huang2019,,SRR6824667,NA,0,0,NA,0,
SRR6824664,gomes2021;huang2019,,SRR6824664,NA,0,0,NA,0,
SRR6824663,gomes2021;huang2019,,SRR6824663,NA,0,0,NA,0,
SRR6824662,gomes2021;huang2019,,SRR6824662,NA,0,0,NA,0,
SRR6824659,gomes2021;huang2019,,SRR6824659,NA,0,0,NA,0,
SRR6824658,gomes2021;huang2019,,SRR6824658,NA,0,0,NA,0,
SRR6824309,gomes2021;huang2019,,SRR6824309,NA,0,0,NA,0,
SRR6824307,gomes2021;huang2019,,SRR6824307,NA,1,1,NA,0,
SRR6824308,gomes2021;huang2019,,SRR6824308,NA,0,0,NA,0,
SRR6824305,gomes2021;huang2019,,SRR6824305,NA,0,0,NA,0,
SRR6824313,gomes2021;huang2019,,SRR6824313,NA,0,0,NA,0,
SRR6824314,gomes2021;huang2019,,SRR6824314,NA,0,0,NA,0,
SRR6824316,gomes2021;huang2019,,SRR6824316,NA,0,0,NA,0,
SRR6824315,gomes2021;huang2019,,SRR6824315,NA,0,0,NA,0,
SRR6824418,gomes2021;huang2019,,SRR6824418,NA,0,0,NA,0,
SRR6824417,gomes2021;huang2019,,SRR6824417,NA,0,0,NA,0,
SRR6824413,gomes2021;huang2019,,SRR6824413,NA,0,0,NA,0,
SRR6824420,gomes2021;huang2019,,SRR6824420,NA,0,0,NA,0,
SRR6824421,gomes2021;huang2019,,SRR6824421,NA,0,0,NA,0,
SRR6824320,gomes2021;huang2019,,SRR6824320,NA,0,0,NA,0,
SRR6824319,gomes2021;huang2019,,SRR6824319,NA,0,0,NA,0,
SRR6824318,gomes2021;huang2019,,SRR6824318,NA,0,0,NA,0,
SRR6824325,gomes2021;huang2019,,SRR6824325,NA,0,0,NA,0,
SRR6824324,huang2019,,SRR6824324,NA,0,0,0,0,
SRR6824323,gomes2021;huang2019,,SRR6824323,NA,0,0,NA,0,
SRR6824322,gomes2021;huang2019,,SRR6824322,NA,0,0,NA,0,
SRR6824317,gomes2021;huang2019,,SRR6824317,NA,0,0,NA,0,
SRR6824367,gomes2021;huang2019,,SRR6824367,NA,0,0,NA,0,
SRR6824439,gomes2021;huang2019,,SRR6824439,NA,0,0,NA,0,
SRR6824440,huang2019,,SRR6824440,NA,NA,0,0,NA,
SRR6824437,gomes2021;huang2019,,SRR6824437,NA,0,0,NA,0,
SRR6824438,gomes2021;huang2019,,SRR6824438,NA,0,0,NA,0,
SRR6824592,gomes2021;huang2019,,SRR6824592,NA,0,0,NA,0,
SRR6824617,gomes2021;huang2019,,SRR6824617,NA,0,0,NA,0,
SRR6824388,gomes2021;huang2019,,SRR6824388,NA,0,0,NA,0,
SRR6824508,gomes2021;huang2019,,SRR6824508,NA,0,0,NA,0,
SRR6824507,gomes2021;huang2019,,SRR6824507,NA,0,0,NA,0,
SRR6824510,gomes2021;huang2019,,SRR6824510,NA,0,0,NA,0,
SRR6824509,gomes2021;huang2019,,SRR6824509,NA,0,1,NA,0,
SRR6824512,gomes2021;huang2019,,SRR6824512,NA,0,0,NA,0,
SRR6824511,gomes2021;huang2019,,SRR6824511,NA,0,0,NA,0,
SRR6824514,gomes2021;huang2019,,SRR6824514,NA,0,0,NA,0,
SRR6824513,gomes2021;huang2019,,SRR6824513,NA,0,0,NA,0,
SRR6824516,huang2019,,SRR6824516,NA,0,0,0,0,
SRR6824515,gomes2021;huang2019,,SRR6824515,NA,0,0,NA,0,
SRR6824393,gomes2021;huang2019,,SRR6824393,NA,0,0,NA,0,
SRR6824394,gomes2021;huang2019,,SRR6824394,NA,0,0,NA,0,
SRR6824391,gomes2021;huang2019,,SRR6824391,NA,0,0,NA,0,
SRR6824392,gomes2021;huang2019,,SRR6824392,NA,0,0,NA,0,
SRR6824397,gomes2021;huang2019,,SRR6824397,NA,0,0,NA,0,
SRR6824398,gomes2021;huang2019,,SRR6824398,NA,0,0,NA,0,
SRR6824395,gomes2021;huang2019,,SRR6824395,NA,0,0,NA,0,
SRR6824396,gomes2021;huang2019,,SRR6824396,NA,0,0,NA,0,
SRR6824399,gomes2021;huang2019,,SRR6824399,NA,0,0,NA,0,
SRR6824400,gomes2021;huang2019,,SRR6824400,NA,0,0,NA,0,
SRR6824552,gomes2021;huang2019,,SRR6824552,NA,0,0,NA,0,
SRR6824551,gomes2021;huang2019,,SRR6824551,NA,0,0,NA,0,
SRR6824550,huang2019,,SRR6824550,NA,0,1,1,0,
SRR6824549,gomes2021;huang2019,,SRR6824549,NA,0,0,NA,0,
SRR6824556,gomes2021;huang2019,,SRR6824556,NA,0,0,NA,0,
SRR6824555,gomes2021;huang2019,,SRR6824555,NA,0,0,NA,0,
SRR6824554,gomes2021;huang2019,,SRR6824554,NA,0,0,NA,0,
SRR6824553,gomes2021;huang2019,,SRR6824553,NA,0,1,NA,0,
SRR6824544,gomes2021;huang2019,,SRR6824544,NA,0,0,NA,0,
SRR6824603,huang2019,,SRR6824603,NA,0,1,0,0,
SRR6824423,huang2019,,SRR6824423,NA,0,0,0,0,
SRR6824424,gomes2021;huang2019,,SRR6824424,NA,0,0,NA,0,
SRR6824425,gomes2021;huang2019,,SRR6824425,NA,0,0,NA,0,
SRR6824426,gomes2021;huang2019,,SRR6824426,NA,0,0,NA,0,
SRR6824419,gomes2021;huang2019,,SRR6824419,NA,0,0,NA,0,
SRR6824422,gomes2021;huang2019,,SRR6824422,NA,0,0,NA,0,
SRR6824415,gomes2021;huang2019,,SRR6824415,NA,0,0,NA,0,
SRR6824416,gomes2021;huang2019,,SRR6824416,NA,0,0,NA,0,
SRR6824624,huang2019,,SRR6824624,NA,0,0,0,0,
SRR6824625,gomes2021;huang2019,,SRR6824625,NA,0,0,NA,0,
SRR6824626,gomes2021;huang2019,,SRR6824626,NA,0,0,NA,0,
SRR6824627,gomes2021;huang2019,,SRR6824627,NA,0,0,NA,0,
SRR6824620,gomes2021;huang2019,,SRR6824620,NA,0,0,NA,0,
SRR6824621,gomes2021;huang2019,,SRR6824621,NA,0,0,NA,0,
SRR6824622,gomes2021;huang2019,,SRR6824622,NA,0,0,NA,0,
SRR6824623,gomes2021;huang2019,,SRR6824623,NA,0,0,NA,0,
SRR6824618,gomes2021;huang2019,,SRR6824618,NA,0,0,NA,0,
SRR6824619,gomes2021;huang2019,,SRR6824619,NA,0,0,NA,0,
SRR6824321,gomes2021;huang2019,,SRR6824321,NA,0,0,NA,0,
ERR3077930,katale2020,,ERR3077930,NA,0,0,0,NA,
ERR3077931,katale2020,,ERR3077931,NA,0,0,0,NA,
ERR3077932,katale2020,,ERR3077932,NA,0,0,0,NA,
ERR3077933,katale2020,,ERR3077933,NA,0,0,0,NA,
ERR3077934,katale2020,,ERR3077934,NA,0,0,0,NA,
ERR3077935,katale2020,,ERR3077935,NA,0,0,0,NA,
ERR3077936,katale2020,,ERR3077936,NA,0,0,0,NA,
ERR3077937,katale2020,,ERR3077937,NA,0,0,0,NA,
ERR3077938,katale2020,,ERR3077938,NA,0,0,0,NA,
ERR3077939,katale2020,,ERR3077939,NA,0,0,0,NA,
ERR3077940,katale2020,,ERR3077940,NA,0,0,0,NA,
ERR3077941,katale2020,,ERR3077941,NA,0,0,0,NA,
ERR3077942,katale2020,,ERR3077942,NA,0,0,0,NA,
ERR3077943,katale2020,,ERR3077943,NA,0,0,0,NA,
ERR3077944,katale2020,,ERR3077944,NA,0,0,0,NA,
ERR3077945,katale2020,,ERR3077945,NA,0,0,0,NA,
ERR3077946,katale2020,,ERR3077946,NA,0,0,0,NA,
ERR3077947,katale2020,,ERR3077947,NA,0,0,0,NA,
ERR3077948,katale2020,,ERR3077948,NA,0,0,0,NA,
ERR3077949,katale2020,,ERR3077949,NA,0,0,0,NA,
ERR3077950,katale2020,,ERR3077950,NA,0,0,0,NA,
ERR3077951,katale2020,,ERR3077951,NA,0,0,0,NA,
ERR3077952,katale2020,,ERR3077952,NA,0,0,0,NA,
ERR3077953,katale2020,,ERR3077953,NA,0,0,0,NA,
ERR3077954,katale2020,,ERR3077954,NA,0,0,0,NA,
ERR3077955,katale2020,,ERR3077955,NA,0,0,0,NA,
ERR3077956,katale2020,,ERR3077956,NA,0,0,0,NA,
ERR3077957,katale2020,,ERR3077957,NA,0,0,0,NA,
ERR3077958,katale2020,,ERR3077958,NA,0,0,0,NA,
ERR3077959,katale2020,,ERR3077959,NA,0,0,0,NA,
ERR3077960,katale2020,,ERR3077960,NA,0,0,0,NA,
ERR3077961,katale2020,,ERR3077961,NA,0,0,0,NA,
ERR3077962,katale2020,,ERR3077962,NA,0,0,0,NA,
ERR3077963,katale2020,,ERR3077963,NA,0,0,0,NA,
ERR3077964,katale2020,,ERR3077964,NA,0,0,0,NA,
ERR3077965,katale2020,,ERR3077965,NA,0,0,0,NA,
ERR3077966,katale2020,,ERR3077966,NA,0,0,0,NA,
ERR3077967,katale2020,,ERR3077967,NA,0,0,0,NA,
ERR3077968,katale2020,,ERR3077968,NA,0,0,0,NA,
ERR3077969,katale2020,,ERR3077969,NA,0,0,0,NA,
ERR3077970,katale2020,,ERR3077970,NA,0,0,0,NA,
ERR3077971,katale2020,,ERR3077971,NA,0,0,0,NA,
ERR3077972,katale2020,,ERR3077972,NA,0,0,0,NA,
ERR3077973,katale2020,,ERR3077973,NA,0,0,0,NA,
ERR3077974,katale2020,,ERR3077974,NA,0,0,0,NA,
ERR3077975,katale2020,,ERR3077975,NA,0,0,0,NA,
ERR3077976,katale2020,,ERR3077976,NA,0,0,0,NA,
ERR3077977,katale2020,,ERR3077977,NA,0,0,0,NA,
ERR3077978,katale2020,,ERR3077978,NA,0,0,0,NA,
ERR3077979,katale2020,,ERR3077979,NA,0,0,0,NA,
ERR3077980,katale2020,,ERR3077980,NA,0,0,0,NA,
ERR3077981,katale2020,,ERR3077981,NA,0,0,0,NA,
ERR3077982,katale2020,,ERR3077982,NA,0,0,0,NA,
ERR3077983,katale2020,,ERR3077983,NA,0,0,0,NA,
ERR3077984,katale2020,,ERR3077984,NA,0,0,0,NA,
ERR3077985,katale2020,,ERR3077985,NA,0,0,0,NA,
ERR3077986,katale2020,,ERR3077986,NA,0,0,0,NA,
ERR3077987,katale2020,,ERR3077987,NA,0,0,0,NA,
ERR3077988,katale2020,,ERR3077988,NA,0,0,0,NA,
ERR3077989,katale2020,,ERR3077989,NA,0,0,0,NA,
ERR3077990,katale2020,,ERR3077990,NA,0,0,0,NA,
ERR3077991,katale2020,,ERR3077991,NA,0,0,0,NA,
ERR3077992,katale2020,,ERR3077992,NA,0,0,0,NA,
ERR3077993,katale2020,,ERR3077993,NA,0,0,0,NA,
ERR3077994,katale2020,,ERR3077994,NA,0,0,0,NA,
ERR3077995,katale2020,,ERR3077995,NA,0,0,0,NA,
ERR3077996,katale2020,,ERR3077996,NA,0,0,0,NA,
ERR3077997,katale2020,,ERR3077997,NA,0,0,0,NA,
ERR3077998,katale2020,,ERR3077998,NA,0,0,0,NA,
ERR3077999,katale2020,,ERR3077999,NA,0,0,0,NA,
ERR3078000,katale2020,,ERR3078000,NA,0,0,0,NA,
ERR3078001,katale2020,,ERR3078001,NA,0,0,0,NA,
ERR3078002,katale2020,,ERR3078002,NA,0,0,0,NA,
ERR3078003,katale2020,,ERR3078003,NA,0,0,0,NA,
ERR3078004,katale2020,,ERR3078004,NA,0,0,0,NA,
ERR3078005,katale2020,,ERR3078005,NA,0,0,0,NA,
ERR3078006,katale2020,,ERR3078006,NA,0,0,0,NA,
ERR3078007,katale2020,,ERR3078007,NA,0,0,0,NA,
ERR3078008,katale2020,,ERR3078008,NA,0,0,0,NA,
ERR3078009,katale2020,,ERR3078009,NA,0,0,0,NA,
ERR3078010,katale2020,,ERR3078010,NA,0,0,0,NA,
ERR3078011,katale2020,,ERR3078011,NA,0,0,0,NA,
ERR3078012,katale2020,,ERR3078012,NA,0,0,0,NA,
ERR3078013,katale2020,,ERR3078013,NA,0,0,0,NA,
ERR3078014,katale2020,,ERR3078014,NA,0,0,0,NA,
ERR3078015,katale2020,,ERR3078015,NA,0,0,0,NA,
ERR3078016,katale2020,,ERR3078016,NA,0,0,0,NA,
ERR3078017,katale2020,,ERR3078017,NA,0,0,0,NA,
SRR9588029,makhado2018,,SRR9588029,NA,0,0,0,NA,
SRR9588027,makhado2018,,SRR9588027,NA,1,1,0,NA,
SRR9588006,makhado2018,,SRR9588006,NA,1,1,0,NA,
SRR9588005,makhado2018,,SRR9588005,NA,0,0,0,NA,
SRR9588012,makhado2018,,SRR9588012,NA,0,0,0,NA,
SRR9588011,makhado2018,,SRR9588011,NA,1,1,0,NA,
SRR9588010,makhado2018,,SRR9588010,NA,1,1,0,NA,
SRR9588009,makhado2018,,SRR9588009,NA,0,0,0,NA,
SRR9588004,makhado2018,,SRR9588004,NA,0,0,0,NA,
SRR9588003,makhado2018,,SRR9588003,NA,0,0,0,NA,
SRR9588025,makhado2018,,SRR9588025,NA,1,1,0,NA,
SRR9588026,makhado2018,,SRR9588026,NA,1,1,0,NA,
SRR9588023,makhado2018,,SRR9588023,NA,1,1,0,NA,
SRR9588024,makhado2018,,SRR9588024,NA,1,1,0,NA,
SRR9588028,makhado2018,,SRR9588028,NA,1,1,0,NA,
SRR9588014,makhado2018,,SRR9588014,NA,0,0,0,NA,
SRR9588013,makhado2018,,SRR9588013,NA,1,1,0,NA,
SRR9588016,makhado2018,,SRR9588016,NA,0,0,0,NA,
SRR9588015,makhado2018,,SRR9588015,NA,0,0,0,NA,
SRR9588018,makhado2018,,SRR9588018,NA,0,0,0,NA,
SRR9588017,makhado2018,,SRR9588017,NA,0,0,0,NA,
SRR9588020,makhado2018,,SRR9588020,NA,0,0,0,NA,
SRR9588019,makhado2018,,SRR9588019,NA,0,0,0,NA,
SRR9588022,makhado2018,,SRR9588022,NA,1,1,0,NA,
SRR9588021,makhado2018,,SRR9588021,NA,1,1,0,NA,
SRR9588008,makhado2018,,SRR9588008,NA,0,0,0,NA,
SRR9588007,makhado2018,,SRR9588007,NA,0,0,0,NA,
SRR6807758,tbportal,,SRR6807758,NA,NA,0,NA,NA,
ERR2120246,walker2018a,,ERR2120246,NA,0,NA,0,0,
ERR2120247,walker2018a,,ERR2120247,NA,0,NA,0,0,
ERR2120274,walker2018a,,ERR2120274,NA,0,NA,NA,NA,
ERR2120275,walker2018a,,ERR2120275,NA,0,NA,NA,NA,
ERR2120286,walker2018a,,ERR2120286,NA,0,NA,0,0,
ERR2120287,walker2018a,,ERR2120287,NA,0,NA,0,0,
ERR2120288,walker2018a,,ERR2120288,NA,0,NA,0,0,
ERR2120289,walker2018a,,ERR2120289,NA,0,NA,0,0,
ERR2120290,walker2018a,,ERR2120290,NA,0,NA,0,0,
ERR2120291,walker2018a,,ERR2120291,NA,0,NA,0,0,
ERR2120292,walker2018a,,ERR2120292,NA,0,NA,0,0,
ERR2120293,walker2018a,,ERR2120293,NA,0,NA,0,0,
ERR2120294,walker2018a,,ERR2120294,NA,NA,NA,0,NA,
SRR6442525,battaglia2020,,SRR6442525,PRJNA428596,0,NA,NA,NA,
SRR6485049,battaglia2020,,SRR6485049,PRJNA428596,NA,NA,NA,1,
SRR6484890,battaglia2020,,SRR6484890,PRJNA428596,NA,NA,NA,0,
SRR6485151,battaglia2020,,SRR6485151,PRJNA428596,0,NA,NA,NA,
SRR6484930,battaglia2020,,SRR6484930,PRJNA428596,NA,NA,NA,0,
SRR6484931,battaglia2020,,SRR6484931,PRJNA428596,NA,NA,NA,0,
SRR6484840,battaglia2020,,SRR6484840,PRJNA428596,NA,NA,NA,0,
SRR6484841,battaglia2020,,SRR6484841,PRJNA428596,NA,NA,NA,0,
SRR6484959,battaglia2020,,SRR6484959,PRJNA428596,0,NA,NA,NA,
SRR6484906,battaglia2020,,SRR6484906,PRJNA428596,NA,NA,NA,0,
SRR6484938,battaglia2020,,SRR6484938,PRJNA428596,0,NA,NA,NA,
SRR6484851,battaglia2020,,SRR6484851,PRJNA428596,NA,NA,NA,0,
SRR6485104,battaglia2020,,SRR6485104,PRJNA428596,NA,NA,NA,1,
SRR6485103,battaglia2020,,SRR6485103,PRJNA428596,NA,NA,NA,1,
SRR6484876,battaglia2020,,SRR6484876,PRJNA428596,NA,NA,NA,0,
SRR6485146,battaglia2020,,SRR6485146,PRJNA428596,0,NA,NA,NA,
SRR6485018,battaglia2020,,SRR6485018,PRJNA428596,NA,NA,NA,0,
SRR6484901,battaglia2020,,SRR6484901,PRJNA428596,NA,NA,NA,0,
SRR6484902,battaglia2020,,SRR6484902,PRJNA428596,0,NA,NA,NA,
SRR6484903,battaglia2020,,SRR6484903,PRJNA428596,NA,NA,NA,0,
SRR6650232,battaglia2020,,SRR6650232,PRJNA428596,NA,NA,NA,1,
SRR6650126,battaglia2020,,SRR6650126,PRJNA428596,NA,NA,NA,1,
SRR6650160,battaglia2020,,SRR6650160,PRJNA428596,NA,NA,NA,1,
SRR6650401,battaglia2020,,SRR6650401,PRJNA428596,NA,NA,NA,0,
SRR6650405,battaglia2020,,SRR6650405,PRJNA428596,0,NA,NA,NA,
SRR6650274,battaglia2020,,SRR6650274,PRJNA428596,0,NA,NA,NA,
SRR6650271,battaglia2020,,SRR6650271,PRJNA428596,NA,NA,NA,0,
SRR6650412,battaglia2020,,SRR6650412,PRJNA428596,0,NA,NA,NA,
SRR6650131,battaglia2020,,SRR6650131,PRJNA428596,0,NA,NA,NA,
SRR6650205,battaglia2020,,SRR6650205,PRJNA428596,NA,NA,NA,0,
SRR6650204,battaglia2020,,SRR6650204,PRJNA428596,NA,NA,NA,0,
SRR6650106,battaglia2020,,SRR6650106,PRJNA428596,NA,NA,NA,0,
SRR6650396,battaglia2020,,SRR6650396,PRJNA428596,0,NA,NA,NA,
SRR6650343,battaglia2020,,SRR6650343,PRJNA428596,NA,NA,NA,0,
SRR6650313,battaglia2020,,SRR6650313,PRJNA428596,NA,NA,NA,1,
SRR6650148,battaglia2020,,SRR6650148,PRJNA428596,0,NA,NA,NA,
SRR6650367,battaglia2020,,SRR6650367,PRJNA428596,0,NA,NA,NA,
SRR6650366,battaglia2020,,SRR6650366,PRJNA428596,NA,NA,NA,0,
SRR6650382,battaglia2020,,SRR6650382,PRJNA428596,NA,NA,NA,0,
SRR6650341,battaglia2020,,SRR6650341,PRJNA428596,NA,NA,NA,0,
SRR6650283,battaglia2020,,SRR6650283,PRJNA428596,1,NA,NA,NA,
SRR6650210,battaglia2020,,SRR6650210,PRJNA428596,NA,NA,NA,0,
SRR6650139,battaglia2020,,SRR6650139,PRJNA428596,0,NA,NA,NA,
SRR6650117,battaglia2020,,SRR6650117,PRJNA428596,0,NA,NA,NA,
SRR6650174,battaglia2020,,SRR6650174,PRJNA428596,0,NA,NA,NA,
SRR6650352,battaglia2020,,SRR6650352,PRJNA428596,1,NA,NA,NA,
SRR6650353,battaglia2020,,SRR6650353,PRJNA428596,0,NA,NA,NA,
SRR6650362,battaglia2020,,SRR6650362,PRJNA428596,0,NA,NA,NA,
SRR6650297,battaglia2020,,SRR6650297,PRJNA428596,0,NA,NA,NA,
SRR6650295,battaglia2020,,SRR6650295,PRJNA428596,NA,NA,NA,0,
SRR6650228,battaglia2020,,SRR6650228,PRJNA428596,NA,NA,NA,0,
SRR6650269,battaglia2020,,SRR6650269,PRJNA428596,NA,NA,NA,0,
SRR6650298,battaglia2020,,SRR6650298,PRJNA428596,0,NA,NA,NA,
SRR6785339,battaglia2020,,SRR6785339,PRJNA428596,NA,NA,NA,1,
SRR6785403,battaglia2020,,SRR6785403,PRJNA428596,NA,NA,NA,0,
SRR6785391,battaglia2020,,SRR6785391,PRJNA428596,0,NA,NA,0,
SRR6785213,battaglia2020,,SRR6785213,PRJNA428596,NA,NA,NA,0,
SRR6785545,battaglia2020,,SRR6785545,NA,NA,NA,NA,0,
SRR6785492,battaglia2020,,SRR6785492,PRJNA428596,NA,NA,NA,1,
SRR6785491,battaglia2020,,SRR6785491,PRJNA428596,NA,NA,NA,0,
SRR6785435,battaglia2020,,SRR6785435,PRJNA428596,NA,NA,NA,0,
SRR6785532,battaglia2020,,SRR6785532,NA,NA,NA,NA,1,
SRR6785424,battaglia2020,,SRR6785424,PRJNA428596,0,NA,NA,NA,
SRR6785420,battaglia2020,,SRR6785420,PRJNA428596,NA,NA,NA,1,
SRR6797502,battaglia2020,,SRR6797502,NA,NA,NA,NA,1,
SRR6797585,battaglia2020,,SRR6797585,NA,0,NA,NA,NA,
SRR6797762,battaglia2020,,SRR6797762,NA,NA,NA,NA,0,
SRR6797424,battaglia2020,,SRR6797424,NA,NA,NA,NA,0,
SRR6797871,battaglia2020,,SRR6797871,NA,NA,NA,NA,1,
SRR6797666,battaglia2020,,SRR6797666,NA,NA,NA,NA,0,
SRR6797846,battaglia2020,,SRR6797846,NA,NA,NA,NA,0,
SRR6797849,battaglia2020,,SRR6797849,NA,NA,NA,NA,0,
SRR6797694,battaglia2020,,SRR6797694,NA,NA,NA,NA,0,
SRR6797582,battaglia2020,,SRR6797582,NA,NA,NA,NA,0,
SRR6797364,battaglia2020,,SRR6797364,NA,NA,NA,NA,0,
SRR6797717,battaglia2020,,SRR6797717,NA,0,NA,NA,NA,
SRR6797716,battaglia2020,,SRR6797716,NA,0,NA,NA,NA,
SRR6797546,battaglia2020,,SRR6797546,NA,NA,NA,NA,1,
SRR6797405,battaglia2020,,SRR6797405,NA,NA,NA,NA,0,
SRR6797411,battaglia2020,,SRR6797411,NA,0,NA,NA,NA,
SRR6797409,battaglia2020,,SRR6797409,NA,NA,NA,NA,0,
SRR6797403,battaglia2020,,SRR6797403,NA,NA,NA,NA,0,
SRR6797824,battaglia2020,,SRR6797824,NA,0,NA,NA,NA,
SRR6797489,battaglia2020,,SRR6797489,NA,NA,NA,NA,1,
SRR6797487,battaglia2020,,SRR6797487,NA,NA,NA,NA,1,
SRR6797311,battaglia2020,,SRR6797311,NA,NA,NA,NA,0,
SRR6797314,battaglia2020,,SRR6797314,NA,NA,NA,NA,0,
SRR6797326,battaglia2020,,SRR6797326,NA,NA,NA,NA,0,
SRR6797750,battaglia2020,,SRR6797750,NA,NA,NA,NA,1,
SRR6797372,battaglia2020,,SRR6797372,NA,NA,NA,NA,0,
SRR6797527,battaglia2020,,SRR6797527,NA,NA,NA,NA,1,
SRR6797532,battaglia2020,,SRR6797532,NA,NA,NA,NA,1,
SRR6797819,battaglia2020,,SRR6797819,NA,NA,NA,NA,1,
SRR6797395,battaglia2020,,SRR6797395,NA,NA,NA,NA,0,
SRR6797644,battaglia2020,,SRR6797644,NA,NA,NA,NA,1,
SRR6797560,battaglia2020,,SRR6797560,NA,NA,NA,NA,0,
SRR6797541,battaglia2020,,SRR6797541,NA,0,NA,NA,NA,
SRR6797540,battaglia2020,,SRR6797540,NA,0,NA,NA,NA,
SRR6797543,battaglia2020,,SRR6797543,NA,NA,NA,NA,1,
SRR6797292,battaglia2020,,SRR6797292,NA,NA,NA,NA,0,
SRR6797703,battaglia2020,,SRR6797703,NA,NA,NA,NA,1,
SRR6797288,battaglia2020,,SRR6797288,NA,0,NA,NA,1,
SRR6797641,battaglia2020,,SRR6797641,NA,NA,NA,NA,0,
SRR6797800,battaglia2020,,SRR6797800,NA,NA,NA,NA,0,
SRR6797802,battaglia2020,,SRR6797802,NA,NA,NA,NA,0,
SRR6797345,battaglia2020,,SRR6797345,NA,NA,NA,NA,0,
SRR6797507,battaglia2020,,SRR6797507,NA,NA,NA,NA,1,
SRR6797677,battaglia2020,,SRR6797677,NA,NA,NA,NA,1,
SRR6797679,battaglia2020,,SRR6797679,NA,NA,NA,NA,1,
SRR6797859,battaglia2020,,SRR6797859,NA,NA,NA,NA,0,
SRR6797449,battaglia2020,,SRR6797449,NA,0,NA,NA,NA,
SRR6797450,battaglia2020,,SRR6797450,NA,NA,NA,NA,1,
SRR6797615,battaglia2020,,SRR6797615,NA,0,NA,NA,NA,
SRR6797598,battaglia2020,,SRR6797598,NA,NA,NA,NA,0,
SRR6797752,battaglia2020,,SRR6797752,NA,NA,NA,NA,0,
SRR6797428,battaglia2020,,SRR6797428,NA,NA,NA,NA,1,
SRR6797433,battaglia2020,,SRR6797433,NA,NA,NA,NA,1,
SRR6797865,battaglia2020,,SRR6797865,NA,NA,NA,NA,1,
SRR6797305,battaglia2020,,SRR6797305,NA,NA,NA,NA,0,
SRR6832003,battaglia2020,,SRR6832003,NA,NA,NA,NA,1,
SRR6832423,battaglia2020,,SRR6832423,NA,0,NA,NA,NA,
SRR6832549,battaglia2020,,SRR6832549,NA,NA,NA,NA,1,
SRR6832602,battaglia2020,,SRR6832602,NA,NA,NA,NA,0,
SRR6832668,battaglia2020,,SRR6832668,NA,NA,NA,NA,0,
SRR6856097,battaglia2020,,SRR6856097,NA,NA,NA,NA,0,
SRR6855760,battaglia2020,,SRR6855760,NA,NA,NA,NA,1,
SRR6855839,battaglia2020,,SRR6855839,NA,NA,NA,NA,0,
SRR6855955,battaglia2020,,SRR6855955,NA,NA,NA,NA,0,
SRR6856018,battaglia2020,,SRR6856018,NA,0,NA,NA,NA,
SRR6856020,battaglia2020,,SRR6856020,NA,NA,NA,NA,0,
SRR6855790,battaglia2020,,SRR6855790,NA,NA,NA,NA,1,
SRR6855855,battaglia2020,,SRR6855855,NA,NA,NA,NA,0,
SRR6855908,battaglia2020,,SRR6855908,NA,0,NA,NA,NA,
SRR6896487,battaglia2020,,SRR6896487,NA,NA,NA,NA,0,
SRR6896525,battaglia2020,,SRR6896525,NA,NA,NA,NA,0,
SRR6896312,battaglia2020,,SRR6896312,NA,0,NA,NA,NA,
SRR6896422,battaglia2020,,SRR6896422,NA,NA,NA,NA,0,
SRR6896599,battaglia2020,,SRR6896599,NA,NA,NA,NA,0,
SRR6896574,battaglia2020,,SRR6896574,NA,NA,NA,NA,0,
SRR6896562,battaglia2020,,SRR6896562,NA,NA,NA,NA,0,
SRR6896177,battaglia2020,,SRR6896177,NA,NA,NA,NA,0,
SRR6896395,battaglia2020,,SRR6896395,NA,NA,NA,NA,1,
SRR6936723,battaglia2020,,SRR6936723,NA,NA,NA,NA,0,
SRR6936675,battaglia2020,,SRR6936675,NA,NA,NA,NA,0,
SRR6936705,battaglia2020,,SRR6936705,NA,NA,NA,NA,0,
SRR6936634,battaglia2020,,SRR6936634,NA,NA,NA,NA,0,
SRR6936775,battaglia2020,,SRR6936775,NA,NA,NA,NA,0,
SRR6936661,battaglia2020,,SRR6936661,NA,NA,NA,NA,0,
SRR6964609,battaglia2020,,SRR6964609,NA,0,NA,NA,NA,
SRR6964493,battaglia2020,,SRR6964493,NA,NA,NA,NA,0,
SRR6964638,battaglia2020,,SRR6964638,NA,1,NA,NA,NA,
SRR6964635,battaglia2020,,SRR6964635,NA,NA,NA,NA,0,
SRR6964508,battaglia2020,,SRR6964508,NA,0,NA,NA,NA,
SRR6964511,battaglia2020,,SRR6964511,NA,NA,NA,NA,0,
SRR6964510,battaglia2020,,SRR6964510,NA,NA,NA,NA,0,
SRR6964661,battaglia2020,,SRR6964661,NA,0,NA,NA,NA,
SRR6964496,battaglia2020,,SRR6964496,NA,NA,NA,NA,0,
SRR6964675,battaglia2020,,SRR6964675,NA,NA,NA,NA,0,
SRR6964672,battaglia2020,,SRR6964672,NA,0,NA,NA,NA,
SRR6964594,battaglia2020,,SRR6964594,NA,1,NA,NA,NA,
SRR6964603,battaglia2020,,SRR6964603,NA,0,NA,NA,NA,
SRR6964566,battaglia2020,,SRR6964566,NA,0,NA,NA,NA,
SRR6964567,battaglia2020,,SRR6964567,NA,NA,NA,NA,1,
SRR6964563,battaglia2020,,SRR6964563,NA,0,NA,NA,NA,
SRR6964587,battaglia2020,,SRR6964587,NA,0,NA,NA,NA,
SRR6964557,battaglia2020,,SRR6964557,NA,NA,NA,NA,1,
SRR6981949,battaglia2020,,SRR6981949,NA,NA,NA,NA,0,
SRR6982330,battaglia2020,,SRR6982330,NA,NA,NA,NA,0,
SRR6982287,battaglia2020,,SRR6982287,NA,0,NA,NA,NA,
SRR6982305,battaglia2020,,SRR6982305,NA,NA,NA,NA,1,
SRR6982151,battaglia2020,,SRR6982151,NA,0,NA,NA,NA,
SRR6982161,battaglia2020,,SRR6982161,NA,0,NA,NA,NA,
SRR6982504,battaglia2020,,SRR6982504,NA,NA,NA,NA,0,
ERR2199757,beckert2020,,ERR2199757,PRJEB6273,0,0,NA,NA,
ERR552875,beckert2020,,ERR552875,PRJEB6273,0,0,NA,NA,
ERR552405,beckert2020,,ERR552405,PRJEB6273,0,0,NA,NA,
ERR551231,beckert2020,,ERR551231,PRJEB6273,0,0,NA,NA,
ERR552870,beckert2020,,ERR552870,PRJEB6273,0,0,NA,NA,
ERR551280,beckert2020,,ERR551280,PRJEB6273,0,0,NA,NA,
ERR550861,beckert2020,,ERR550861,PRJEB6273,0,0,NA,NA,
ERR551014,beckert2020,,ERR551014,PRJEB6273,0,0,NA,NA,
ERR552221,beckert2020,,ERR552221,PRJEB6273,0,0,NA,NA,
ERR2199811,beckert2020,,ERR2199811,PRJEB6273,0,0,NA,NA,
ERR2199842,beckert2020,,ERR2199842,PRJEB9680,0,0,NA,NA,
ERR552193,beckert2020,,ERR552193,PRJEB6273,0,0,NA,NA,
ERR2199932,beckert2020,,ERR2199932,PRJEB9680,0,0,NA,NA,
ERR552491,beckert2020,,ERR552491,PRJEB6273,0,0,NA,NA,
ERR552754,beckert2020,,ERR552754,PRJEB6273,0,0,NA,NA,
ERR551609,beckert2020,,ERR551609,PRJEB6273,0,0,NA,NA,
ERR550741,beckert2020,,ERR550741,PRJEB6273,0,0,NA,NA,
ERR553230,beckert2020,,ERR553230,PRJEB6273,0,0,NA,NA,
ERR552637,beckert2020,,ERR552637,PRJEB6273,0,0,NA,NA,
ERR2199982,beckert2020,,ERR2199982,PRJEB9680,0,0,NA,NA,
ERR2199988,beckert2020,,ERR2199988,PRJEB6273,0,0,NA,NA,
ERR552599,beckert2020,,ERR552599,PRJEB6273,0,0,NA,NA,
ERR2199994,beckert2020,,ERR2199994,PRJEB6273,0,0,NA,NA,
ERR552540,beckert2020,,ERR552540,PRJEB6273,0,0,NA,NA,
ERR2200022,beckert2020,,ERR2200022,PRJEB6273,0,0,NA,NA,
ERR552764,beckert2020,,ERR552764,PRJEB6273,0,0,NA,NA,
ERR552484,beckert2020,,ERR552484,PRJEB6273,0,0,NA,NA,
ERR552743,beckert2020,,ERR552743,PRJEB7281,0,0,NA,NA,
ERR2200094,beckert2020,,ERR2200094,PRJEB6273,0,0,NA,NA,
ERR552572,beckert2020,,ERR552572,PRJEB6273,0,1,NA,NA,
ERR552612,beckert2020,,ERR552612,PRJEB6273,0,0,NA,NA,
ERR552124,beckert2020,,ERR552124,PRJEB6273,0,0,NA,NA,
ERR552745,beckert2020,,ERR552745,PRJEB6273,0,0,NA,NA,
ERR552149,beckert2020,,ERR552149,PRJEB6273,0,0,NA,NA,
ERR553134,beckert2020,,ERR553134,PRJEB6273,0,0,NA,NA,
ERR552070,beckert2020,,ERR552070,PRJEB6273,0,0,NA,NA,
ERR551536,beckert2020,,ERR551536,PRJEB6273,0,0,NA,NA,
SRR9028476,ghodousi2019,,SRR9028476,NA,1,NA,NA,NA,
SRR9028477,ghodousi2019,,SRR9028477,NA,1,NA,NA,NA,
SRR9028478,ghodousi2019,,SRR9028478,NA,0,1,NA,NA,
SRR9028479,ghodousi2019,,SRR9028479,NA,0,0,NA,NA,
SRR9028480,ghodousi2019,,SRR9028480,NA,0,NA,NA,NA,
SRR9028481,ghodousi2019,,SRR9028481,NA,0,0,NA,NA,
SRR9028482,ghodousi2019,,SRR9028482,NA,0,0,NA,NA,
SRR9028483,ghodousi2019,,SRR9028483,NA,0,0,NA,NA,
SRR9028484,ghodousi2019,,SRR9028484,NA,0,NA,NA,NA,
SRR9028485,ghodousi2019,,SRR9028485,NA,1,1,NA,NA,
SRR9028486,ghodousi2019,,SRR9028486,NA,0,0,NA,NA,
SRR9028487,ghodousi2019,,SRR9028487,NA,0,0,NA,NA,
SRR9028488,ghodousi2019,,SRR9028488,NA,0,NA,NA,NA,
SRR9028489,ghodousi2019,,SRR9028489,NA,1,1,NA,NA,
SRR9028490,ghodousi2019,,SRR9028490,NA,0,NA,NA,NA,
SRR9028491,ghodousi2019,,SRR9028491,NA,0,1,NA,NA,
SRR9028492,ghodousi2019,,SRR9028492,NA,1,1,NA,NA,
SRR9028493,ghodousi2019,,SRR9028493,NA,0,NA,NA,NA,
SRR9028494,ghodousi2019,,SRR9028494,NA,0,1,NA,NA,
SRR6339662,martinez2018,,SRR6339662,NA,0,NA,NA,NA,
SRR6339644,martinez2018,,SRR6339644,NA,0,NA,NA,NA,
SRR6339663,martinez2018,,SRR6339663,NA,0,NA,NA,NA,
SRR6339640,martinez2018,,SRR6339640,NA,0,NA,NA,NA,
SRR6339660,martinez2018,,SRR6339660,NA,0,NA,NA,NA,
SRR6339661,martinez2018,,SRR6339661,NA,0,NA,NA,NA,
SRR6339636,martinez2018,,SRR6339636,NA,0,NA,NA,NA,
SRR6339641,martinez2018,,SRR6339641,NA,0,NA,NA,NA,
SRR6339637,martinez2018,,SRR6339637,NA,0,NA,NA,NA,
SRR6339651,martinez2018,,SRR6339651,NA,0,NA,NA,NA,
SRR6339648,martinez2018,,SRR6339648,NA,0,NA,NA,NA,
SRR6339666,martinez2018,,SRR6339666,NA,0,NA,NA,NA,
SRR6339659,martinez2018,,SRR6339659,NA,0,NA,NA,NA,
SRR6339645,martinez2018,,SRR6339645,NA,0,NA,NA,NA,
SRR6339642,martinez2018,,SRR6339642,NA,0,NA,NA,NA,
SRR6339653,martinez2018,,SRR6339653,NA,1,NA,NA,NA,
SRR6339643,martinez2018,,SRR6339643,NA,0,NA,NA,NA,
SRR6339667,martinez2018,,SRR6339667,NA,0,NA,NA,NA,
SRR6339650,martinez2018,,SRR6339650,NA,0,NA,NA,NA,
SRR6339655,martinez2018,,SRR6339655,NA,0,NA,NA,NA,
SRR6339664,martinez2018,,SRR6339664,NA,0,NA,NA,NA,
SRR6339665,martinez2018,,SRR6339665,NA,0,NA,NA,NA,
SRR6339649,martinez2018,,SRR6339649,NA,0,NA,NA,NA,
SRR6339656,martinez2018,,SRR6339656,NA,0,NA,NA,NA,
SRR6339652,martinez2018,,SRR6339652,NA,1,NA,NA,NA,
SRR6339639,martinez2018,,SRR6339639,NA,0,NA,NA,NA,
SRR6339658,martinez2018,,SRR6339658,NA,0,NA,NA,NA,
SRR6339657,martinez2018,,SRR6339657,NA,0,NA,NA,NA,
SRR6339638,martinez2018,,SRR6339638,NA,0,NA,NA,NA,
SRR6339654,martinez2018,,SRR6339654,NA,0,NA,NA,NA,
SRR6339647,martinez2018,,SRR6339647,NA,0,NA,NA,NA,
SRR6339646,martinez2018,,SRR6339646,NA,0,NA,NA,NA,
SRR7232581,martinez2018,,SRR7232581,NA,0,NA,NA,NA,
SRR5817476,martinez2018,,SRR5817476,NA,1,NA,NA,NA,
SRR5817477,martinez2018,,SRR5817477,NA,0,NA,NA,NA,
SRR5817462,martinez2018,,SRR5817462,NA,0,NA,NA,NA,
SRR5817467,martinez2018,,SRR5817467,NA,0,NA,NA,NA,
SRR5817463,martinez2018,,SRR5817463,NA,0,NA,NA,NA,
SRR5817468,martinez2018,,SRR5817468,NA,0,NA,NA,NA,
SRR5817466,martinez2018,,SRR5817466,NA,0,NA,NA,NA,
SRR5817480,martinez2018,,SRR5817480,NA,0,NA,NA,NA,
SRR5817470,martinez2018,,SRR5817470,NA,0,NA,NA,NA,
SRR5817475,martinez2018,,SRR5817475,NA,0,NA,NA,NA,
SRR5817471,martinez2018,,SRR5817471,NA,0,NA,NA,NA,
SRR5817479,martinez2018,,SRR5817479,NA,0,NA,NA,NA,
SRR5817469,martinez2018,,SRR5817469,NA,0,NA,NA,NA,
SRR5817464,martinez2018,,SRR5817464,NA,0,NA,NA,NA,
SRR5817473,martinez2018,,SRR5817473,NA,0,NA,NA,NA,
SRR5817478,martinez2018,,SRR5817478,NA,0,NA,NA,NA,
SRR5817472,martinez2018,,SRR5817472,NA,0,NA,NA,NA,
SRR5817481,martinez2018,,SRR5817481,NA,0,NA,NA,NA,
SRR5817465,martinez2018,,SRR5817465,NA,0,NA,NA,NA,
SRR9971365,nimmo2020,,SRR9971365,NA,0,1,NA,NA,
SRR9971366,nimmo2020,,SRR9971366,NA,0,1,NA,NA,
SRR9971019,nimmo2020,,SRR9971019,NA,0,0,NA,NA,
SRR9971193,nimmo2020,,SRR9971193,NA,0,1,NA,NA,
SRR9970995,nimmo2020,,SRR9970995,NA,0,0,NA,NA,
SRR9971057,nimmo2020,,SRR9971057,NA,0,NA,NA,NA,
SRR9971143,nimmo2020,,SRR9971143,NA,1,1,NA,NA,
SRR9971242,nimmo2020,,SRR9971242,NA,0,1,NA,NA,
SRR9971254,nimmo2020,,SRR9971254,NA,1,1,NA,NA,
SRR9971329,nimmo2020,,SRR9971329,NA,1,1,NA,NA,
SRR9971255,nimmo2020,,SRR9971255,NA,1,1,NA,NA,
SRR9971180,nimmo2020,,SRR9971180,NA,0,1,NA,NA,
SRR9971285,nimmo2020,,SRR9971285,NA,0,0,NA,NA,
SRR9971028,nimmo2020,,SRR9971028,NA,0,0,NA,NA,
SRR9971176,nimmo2020,,SRR9971176,NA,0,1,NA,NA,
SRR9971308,nimmo2020,,SRR9971308,NA,1,1,NA,NA,
SRR9971228,nimmo2020,,SRR9971228,NA,0,0,NA,NA,
SRR11349170,nimmo2020,,SRR11349170,NA,1,1,NA,NA,
SRR9971095,nimmo2020,,SRR9971095,NA,0,1,NA,NA,
SRR9971062,nimmo2020,,SRR9971062,NA,1,1,NA,NA,
SRR9971210,nimmo2020,,SRR9971210,NA,0,0,NA,NA,
SRR9971358,nimmo2020,,SRR9971358,NA,0,1,NA,NA,
SRR9971141,nimmo2020,,SRR9971141,NA,1,1,NA,NA,
SRR9971248,nimmo2020,,SRR9971248,NA,0,1,NA,NA,
SRR9971083,nimmo2020,,SRR9971083,NA,0,1,NA,NA,
SRR9971166,nimmo2020,,SRR9971166,NA,0,1,NA,NA,
SRR9971117,nimmo2020,,SRR9971117,NA,1,1,NA,NA,
SRR9971082,nimmo2020,,SRR9971082,NA,0,1,NA,NA,
SRR8651556,chen2019;gomes2021,,SRR8651556,NA,NA,0,NA,NA,
SRR8651557,chen2019;gomes2021,,SRR8651557,NA,NA,0,NA,NA,
SRR8651558,chen2019;gomes2021,,SRR8651558,NA,NA,0,NA,NA,
SRR8651559,chen2019;gomes2021,,SRR8651559,NA,NA,0,NA,NA,
SRR8651560,chen2019;gomes2021,,SRR8651560,NA,NA,0,NA,NA,
SRR8651561,chen2019;gomes2021,,SRR8651561,NA,NA,0,NA,NA,
SRR8651562,chen2019;gomes2021,,SRR8651562,NA,NA,1,NA,NA,
SRR8651563,chen2019;gomes2021,,SRR8651563,NA,NA,0,NA,NA,
SRR8651554,chen2019;gomes2021,,SRR8651554,NA,NA,0,NA,NA,
SRR8651555,chen2019;gomes2021,,SRR8651555,NA,NA,0,NA,NA,
SRR8651648,chen2019;gomes2021,,SRR8651648,NA,NA,0,NA,NA,
SRR8651649,chen2019;gomes2021,,SRR8651649,NA,NA,0,NA,NA,
SRR8651650,chen2019;gomes2021,,SRR8651650,NA,NA,0,NA,NA,
SRR8651651,chen2019;gomes2021,,SRR8651651,NA,NA,0,NA,NA,
SRR8651644,chen2019;gomes2021,,SRR8651644,NA,NA,0,NA,NA,
SRR8651645,chen2019;gomes2021,,SRR8651645,NA,NA,0,NA,NA,
SRR8651646,chen2019;gomes2021,,SRR8651646,NA,NA,0,NA,NA,
SRR8651647,chen2019;gomes2021,,SRR8651647,NA,NA,0,NA,NA,
SRR8651642,chen2019;gomes2021,,SRR8651642,NA,NA,0,NA,NA,
SRR8651643,chen2019;gomes2021,,SRR8651643,NA,NA,0,NA,NA,
SRR8651655,chen2019;gomes2021,,SRR8651655,NA,NA,0,NA,NA,
SRR8651654,chen2019;gomes2021,,SRR8651654,NA,NA,1,NA,NA,
SRR8651657,chen2019;gomes2021,,SRR8651657,NA,NA,0,NA,NA,
SRR8651656,chen2019;gomes2021,,SRR8651656,NA,NA,0,NA,NA,
SRR8651659,chen2019;gomes2021,,SRR8651659,NA,NA,0,NA,NA,
SRR8651658,chen2019;gomes2021,,SRR8651658,NA,NA,0,NA,NA,
SRR8651661,chen2019;gomes2021,,SRR8651661,NA,NA,0,NA,NA,
SRR8651660,chen2019;gomes2021,,SRR8651660,NA,NA,0,NA,NA,
SRR8651653,chen2019;gomes2021,,SRR8651653,NA,NA,0,NA,NA,
SRR8651652,chen2019;gomes2021,,SRR8651652,NA,NA,0,NA,NA,
SRR8651572,chen2019;gomes2021,,SRR8651572,NA,NA,0,NA,NA,
SRR8651573,chen2019;gomes2021,,SRR8651573,NA,NA,0,NA,NA,
SRR8651570,chen2019;gomes2021,,SRR8651570,NA,NA,0,NA,NA,
SRR8651571,chen2019;gomes2021,,SRR8651571,NA,NA,0,NA,NA,
SRR8651576,chen2019;gomes2021,,SRR8651576,NA,NA,0,NA,NA,
SRR8651577,chen2019;gomes2021,,SRR8651577,NA,NA,0,NA,NA,
SRR8651574,chen2019;gomes2021,,SRR8651574,NA,NA,0,NA,NA,
SRR8651575,chen2019;gomes2021,,SRR8651575,NA,NA,0,NA,NA,
SRR8651567,chen2019;gomes2021,,SRR8651567,NA,NA,0,NA,NA,
SRR8651568,chen2019;gomes2021,,SRR8651568,NA,NA,0,NA,NA,
SRR8651591,chen2019;gomes2021,,SRR8651591,NA,NA,0,NA,NA,
SRR8651590,chen2019;gomes2021,,SRR8651590,NA,NA,0,NA,NA,
SRR8651589,chen2019;gomes2021,,SRR8651589,NA,NA,0,NA,NA,
SRR8651588,chen2019;gomes2021,,SRR8651588,NA,NA,0,NA,NA,
SRR8651587,chen2019;gomes2021,,SRR8651587,NA,NA,0,NA,NA,
SRR8651586,chen2019;gomes2021,,SRR8651586,NA,NA,0,NA,NA,
SRR8651585,chen2019;gomes2021,,SRR8651585,NA,NA,0,NA,NA,
SRR8651584,chen2019;gomes2021,,SRR8651584,NA,NA,0,NA,NA,
SRR8651583,chen2019;gomes2021,,SRR8651583,NA,NA,0,NA,NA,
SRR8651582,chen2019;gomes2021,,SRR8651582,NA,NA,1,NA,NA,
SRR8651594,chen2019;gomes2021,,SRR8651594,NA,NA,0,NA,NA,
SRR8651595,chen2019;gomes2021,,SRR8651595,NA,NA,0,NA,NA,
SRR8651596,chen2019;gomes2021,,SRR8651596,NA,NA,1,NA,NA,
SRR8651597,chen2019;gomes2021,,SRR8651597,NA,NA,1,NA,NA,
SRR8651598,chen2019;gomes2021,,SRR8651598,NA,NA,0,NA,NA,
SRR8651599,chen2019;gomes2021,,SRR8651599,NA,NA,0,NA,NA,
SRR8651600,chen2019;gomes2021,,SRR8651600,NA,NA,0,NA,NA,
SRR8651601,chen2019;gomes2021,,SRR8651601,NA,NA,0,NA,NA,
SRR8651592,chen2019;gomes2021,,SRR8651592,NA,NA,0,NA,NA,
SRR8651593,chen2019;gomes2021,,SRR8651593,NA,NA,0,NA,NA,
SRR8651607,chen2019;gomes2021,,SRR8651607,NA,NA,0,NA,NA,
SRR8651609,chen2019;gomes2021,,SRR8651609,NA,NA,0,NA,NA,
SRR8651608,chen2019;gomes2021,,SRR8651608,NA,NA,0,NA,NA,
SRR8651603,chen2019;gomes2021,,SRR8651603,NA,NA,0,NA,NA,
SRR8651602,chen2019;gomes2021,,SRR8651602,NA,NA,0,NA,NA,
SRR8651605,chen2019;gomes2021,,SRR8651605,NA,NA,0,NA,NA,
SRR8651611,chen2019;gomes2021,,SRR8651611,NA,NA,0,NA,NA,
SRR8651610,chen2019;gomes2021,,SRR8651610,NA,NA,0,NA,NA,
SRR8651618,chen2019;gomes2021,,SRR8651618,NA,NA,0,NA,NA,
SRR8651614,chen2019;gomes2021,,SRR8651614,NA,NA,0,NA,NA,
SRR8651615,chen2019;gomes2021,,SRR8651615,NA,NA,0,NA,NA,
SRR8651612,chen2019;gomes2021,,SRR8651612,NA,NA,0,NA,NA,
SRR8651613,chen2019;gomes2021,,SRR8651613,NA,NA,0,NA,NA,
SRR8651620,chen2019;gomes2021,,SRR8651620,NA,NA,0,NA,NA,
SRR8651621,chen2019;gomes2021,,SRR8651621,NA,NA,0,NA,NA,
SRR8651569,chen2019;gomes2021,,SRR8651569,NA,NA,0,NA,NA,
SRR8651565,chen2019;gomes2021,,SRR8651565,NA,NA,0,NA,NA,
SRR8651564,chen2019;gomes2021,,SRR8651564,NA,NA,0,NA,NA,
SRR8651580,chen2019;gomes2021,,SRR8651580,NA,NA,0,NA,NA,
SRR8651579,chen2019;gomes2021,,SRR8651579,NA,NA,1,NA,NA,
SRR8651578,chen2019;gomes2021,,SRR8651578,NA,NA,0,NA,NA,
SRR8651663,chen2019;gomes2021,,SRR8651663,NA,NA,0,NA,NA,
SRR8651636,chen2019;gomes2021,,SRR8651636,NA,NA,0,NA,NA,
SRR8651637,chen2019;gomes2021,,SRR8651637,NA,NA,0,NA,NA,
SRR8651638,chen2019;gomes2021,,SRR8651638,NA,NA,0,NA,NA,
SRR8651639,chen2019;gomes2021,,SRR8651639,NA,NA,0,NA,NA,
SRR8651632,chen2019;gomes2021,,SRR8651632,NA,NA,0,NA,NA,
SRR8651634,chen2019;gomes2021,,SRR8651634,NA,NA,0,NA,NA,
SRR8651640,chen2019;gomes2021,,SRR8651640,NA,NA,0,NA,NA,
SRR8651641,chen2019;gomes2021,,SRR8651641,NA,NA,0,NA,NA,
SRR8651627,chen2019;gomes2021,,SRR8651627,NA,NA,0,NA,NA,
SRR8651626,chen2019;gomes2021,,SRR8651626,NA,NA,0,NA,NA,
SRR8651625,chen2019;gomes2021,,SRR8651625,NA,NA,0,NA,NA,
SRR8651624,chen2019;gomes2021,,SRR8651624,NA,NA,0,NA,NA,
SRR8651631,chen2019;gomes2021,,SRR8651631,NA,NA,0,NA,NA,
SRR8651630,chen2019;gomes2021,,SRR8651630,NA,NA,0,NA,NA,
SRR8651629,chen2019;gomes2021,,SRR8651629,NA,NA,0,NA,NA,
SRR8651628,chen2019;gomes2021,,SRR8651628,NA,NA,0,NA,NA,
SRR8651623,chen2019;gomes2021,,SRR8651623,NA,NA,0,NA,NA,
SRR8651622,chen2019;gomes2021,,SRR8651622,NA,NA,0,NA,NA,
ERR2864235,gomes2021;macedo2019,,ERR2864235,PRJEB29446,NA,NA,0,NA,
ERR2864288,gomes2021;macedo2019,,ERR2864288,PRJEB29446,NA,NA,0,NA,
ERR2864247,gomes2021;macedo2019,,ERR2864247,PRJEB29446,NA,NA,0,NA,
ERR2864239,gomes2021;macedo2019,,ERR2864239,PRJEB29446,NA,NA,0,NA,
ERR2864298,gomes2021;macedo2019,,ERR2864298,PRJEB29446,NA,NA,0,NA,
ERR2864238,gomes2021;macedo2019,,ERR2864238,PRJEB29446,NA,NA,0,NA,
ERR2864296,gomes2021;macedo2019,,ERR2864296,PRJEB29446,NA,NA,0,NA,
ERR2864263,gomes2021;macedo2019,,ERR2864263,PRJEB29446,NA,NA,0,NA,
ERR2864291,gomes2021;macedo2019,,ERR2864291,PRJEB29446,NA,NA,0,NA,
ERR2864265,gomes2021;macedo2019,,ERR2864265,PRJEB29446,NA,NA,0,NA,
ERR2864233,gomes2021;macedo2019,,ERR2864233,PRJEB29446,NA,NA,0,NA,
ERR2864218,gomes2021;macedo2019,,ERR2864218,PRJEB29446,NA,NA,0,NA,
ERR2864225,gomes2021;macedo2019,,ERR2864225,PRJEB29446,NA,NA,0,NA,
ERR2864234,gomes2021;macedo2019,,ERR2864234,PRJEB29446,NA,NA,0,NA,
ERR2864240,gomes2021;macedo2019,,ERR2864240,PRJEB29446,NA,NA,0,NA,
ERR2864264,gomes2021;macedo2019,,ERR2864264,PRJEB29446,NA,NA,0,NA,
ERR2864250,gomes2021;macedo2019,,ERR2864250,PRJEB29446,NA,NA,0,NA,
ERR2864292,gomes2021;macedo2019,,ERR2864292,PRJEB29446,NA,NA,0,NA,
ERR2864256,gomes2021;macedo2019,,ERR2864256,PRJEB29446,NA,NA,0,NA,
ERR2864242,gomes2021;macedo2019,,ERR2864242,PRJEB29446,NA,NA,0,NA,
ERR2864257,gomes2021;macedo2019,,ERR2864257,PRJEB29446,NA,NA,0,NA,
ERR2864254,gomes2021;macedo2019,,ERR2864254,PRJEB29446,NA,NA,0,NA,
ERR2864295,gomes2021;macedo2019,,ERR2864295,PRJEB29446,NA,NA,0,NA,
ERR2864231,gomes2021;macedo2019,,ERR2864231,PRJEB29446,NA,NA,0,NA,
ERR2864278,gomes2021;macedo2019,,ERR2864278,PRJEB29446,NA,NA,0,NA,
ERR2864267,gomes2021;macedo2019,,ERR2864267,PRJEB29446,NA,NA,0,NA,
ERR2864221,gomes2021;macedo2019,,ERR2864221,PRJEB29446,NA,NA,0,NA,
ERR2864276,gomes2021;macedo2019,,ERR2864276,PRJEB29446,NA,NA,0,NA,
ERR2864289,gomes2021;macedo2019,,ERR2864289,PRJEB29446,NA,NA,0,NA,
ERR2864244,gomes2021;macedo2019,,ERR2864244,PRJEB29446,NA,NA,0,NA,
ERR2864224,gomes2021;macedo2019,,ERR2864224,PRJEB29446,NA,NA,0,NA,
ERR2864290,gomes2021;macedo2019,,ERR2864290,PRJEB29446,NA,NA,0,NA,
ERR2864216,gomes2021;macedo2019,,ERR2864216,PRJEB29446,NA,NA,0,NA,
ERR2864217,gomes2021;macedo2019,,ERR2864217,PRJEB29446,NA,NA,0,NA,
ERR2864248,gomes2021;macedo2019,,ERR2864248,PRJEB29446,NA,NA,0,NA,
ERR2864219,gomes2021;macedo2019,,ERR2864219,PRJEB29446,NA,NA,0,NA,
ERR2864279,gomes2021;macedo2019,,ERR2864279,PRJEB29446,NA,NA,0,NA,
ERR2864246,gomes2021;macedo2019,,ERR2864246,PRJEB29446,NA,NA,0,NA,
ERR2864259,gomes2021;macedo2019,,ERR2864259,PRJEB29446,NA,NA,0,NA,
ERR2864252,gomes2021;macedo2019,,ERR2864252,PRJEB29446,NA,NA,0,NA,
ERR2864272,gomes2021;macedo2019,,ERR2864272,PRJEB29446,NA,NA,0,NA,
ERR2864236,gomes2021;macedo2019,,ERR2864236,PRJEB29446,NA,NA,0,NA,
ERR2864260,gomes2021;macedo2019,,ERR2864260,PRJEB29446,NA,NA,0,NA,
ERR2864294,gomes2021;macedo2019,,ERR2864294,PRJEB29446,NA,NA,0,NA,
ERR2864223,gomes2021;macedo2019,,ERR2864223,PRJEB29446,NA,NA,0,NA,
ERR2864220,gomes2021;macedo2019,,ERR2864220,PRJEB29446,NA,NA,0,NA,
ERR2864243,gomes2021;macedo2019,,ERR2864243,PRJEB29446,NA,NA,0,NA,
ERR2864286,gomes2021;macedo2019,,ERR2864286,PRJEB29446,NA,NA,0,NA,
ERR2864293,gomes2021;macedo2019,,ERR2864293,PRJEB29446,NA,NA,0,NA,
ERR2864283,gomes2021;macedo2019,,ERR2864283,PRJEB29446,NA,NA,0,NA,
ERR2864227,gomes2021;macedo2019,,ERR2864227,PRJEB29446,NA,NA,0,NA,
ERR2864271,gomes2021;macedo2019,,ERR2864271,PRJEB29446,NA,NA,0,NA,
ERR2864275,gomes2021;macedo2019,,ERR2864275,PRJEB29446,NA,NA,0,NA,
ERR2864253,gomes2021;macedo2019,,ERR2864253,PRJEB29446,NA,NA,0,NA,
ERR2864268,gomes2021;macedo2019,,ERR2864268,PRJEB29446,NA,NA,0,NA,
ERR2864226,gomes2021;macedo2019,,ERR2864226,PRJEB29446,NA,NA,0,NA,
ERR2864255,gomes2021;macedo2019,,ERR2864255,PRJEB29446,NA,NA,0,NA,
ERR2864245,gomes2021;macedo2019,,ERR2864245,PRJEB29446,NA,NA,0,NA,
ERR2864228,gomes2021;macedo2019,,ERR2864228,PRJEB29446,NA,NA,0,NA,
ERR2864232,gomes2021;macedo2019,,ERR2864232,PRJEB29446,NA,NA,0,NA,
ERR2864258,gomes2021;macedo2019,,ERR2864258,PRJEB29446,NA,NA,0,NA,
ERR2864273,gomes2021;macedo2019,,ERR2864273,PRJEB29446,NA,NA,0,NA,
ERR2864285,gomes2021;macedo2019,,ERR2864285,PRJEB29446,NA,NA,0,NA,
ERR2864241,gomes2021;macedo2019,,ERR2864241,PRJEB29446,NA,NA,0,NA,
ERR2864269,gomes2021;macedo2019,,ERR2864269,PRJEB29446,NA,NA,0,NA,
ERR2864237,gomes2021;macedo2019,,ERR2864237,PRJEB29446,NA,NA,0,NA,
ERR2864262,gomes2021;macedo2019,,ERR2864262,PRJEB29446,NA,NA,0,NA,
ERR2864222,gomes2021;macedo2019,,ERR2864222,PRJEB29446,NA,NA,0,NA,
ERR2864230,gomes2021;macedo2019,,ERR2864230,PRJEB29446,NA,NA,0,NA,
ERR2864251,gomes2021;macedo2019,,ERR2864251,PRJEB29446,NA,NA,0,NA,
ERR2864280,gomes2021;macedo2019,,ERR2864280,PRJEB29446,NA,NA,0,NA,
ERR2864266,gomes2021;macedo2019,,ERR2864266,PRJEB29446,NA,NA,0,NA,
ERR2864282,gomes2021;macedo2019,,ERR2864282,PRJEB29446,NA,NA,0,NA,
ERR2864274,gomes2021;macedo2019,,ERR2864274,PRJEB29446,NA,NA,0,NA,
ERR2864287,gomes2021;macedo2019,,ERR2864287,PRJEB29446,NA,NA,0,NA,
ERR2864284,gomes2021;macedo2019,,ERR2864284,PRJEB29446,NA,NA,1,NA,
ERR2864281,gomes2021;macedo2019,,ERR2864281,PRJEB29446,NA,NA,0,NA,
ERR1952141,gomes2021,,ERR1952141,PRJEB15076,NA,0,NA,NA,
ERR1952142,gomes2021,,ERR1952142,PRJEB15076,NA,0,NA,NA,
ERR1873542,gomes2021,,ERR1873542,PRJEB14199,NA,0,0,NA,
ERR1873536,gomes2021,,ERR1873536,PRJEB14199,NA,0,0,NA,
ERR1873525,gomes2021,,ERR1873525,PRJEB14199,NA,0,0,NA,
ERR1873528,gomes2021,,ERR1873528,PRJEB14199,NA,0,0,NA,
ERR1873531,gomes2021,,ERR1873531,PRJEB14199,NA,0,0,NA,
ERR1873530,gomes2021,,ERR1873530,PRJEB14199,NA,0,0,NA,
ERR1873532,gomes2021,,ERR1873532,PRJEB14199,NA,0,0,NA,
ERR1873534,gomes2021,,ERR1873534,PRJEB14199,NA,0,0,NA,
ERR1873526,gomes2021,,ERR1873526,PRJEB14199,NA,0,0,NA,
ERR1873537,gomes2021,,ERR1873537,PRJEB14199,NA,0,0,NA,
ERR1873533,gomes2021,,ERR1873533,PRJEB14199,NA,0,0,NA,
ERR1873538,gomes2021,,ERR1873538,PRJEB14199,NA,0,0,NA,
ERR1873521,gomes2021,,ERR1873521,PRJEB14199,NA,0,0,NA,
ERR1873539,gomes2021,,ERR1873539,PRJEB14199,NA,0,0,NA,
ERR1873540,gomes2021,,ERR1873540,PRJEB14199,NA,0,0,NA,
ERR1873541,gomes2021,,ERR1873541,PRJEB14199,NA,0,0,NA,
ERR1873543,gomes2021,,ERR1873543,PRJEB14199,NA,0,0,NA,
ERR1873550,gomes2021,,ERR1873550,PRJEB14199,NA,0,0,NA,
ERR1873544,gomes2021,,ERR1873544,PRJEB14199,NA,0,0,NA,
ERR1873545,gomes2021,,ERR1873545,PRJEB14199,NA,0,0,NA,
ERR1873546,gomes2021,,ERR1873546,PRJEB14199,NA,0,0,NA,
ERR1873529,gomes2021,,ERR1873529,PRJEB14199,NA,0,0,NA,
ERR1873535,gomes2021,,ERR1873535,PRJEB14199,NA,0,0,NA,
ERR1873547,gomes2021,,ERR1873547,PRJEB14199,NA,0,0,NA,
ERR1873551,gomes2021,,ERR1873551,PRJEB14199,NA,0,0,NA,
ERR1873524,gomes2021,,ERR1873524,PRJEB14199,NA,0,0,NA,
ERR1873527,gomes2021,,ERR1873527,PRJEB14199,NA,0,0,NA,
ERR1873523,gomes2021,,ERR1873523,PRJEB14199,NA,0,0,NA,
ERR1873548,gomes2021,,ERR1873548,PRJEB14199,NA,0,0,NA,
ERR1873522,gomes2021,,ERR1873522,PRJEB14199,NA,0,0,NA,
ERR1873553,gomes2021,,ERR1873553,PRJEB14199,NA,0,0,NA,
ERR1873447,gomes2021,,ERR1873447,PRJEB14199,NA,0,0,NA,
ERR1873470,gomes2021,,ERR1873470,PRJEB14199,NA,0,0,NA,
ERR1873554,gomes2021,,ERR1873554,PRJEB14199,NA,0,0,NA,
ERR1873552,gomes2021,,ERR1873552,PRJEB14199,NA,0,0,NA,
ERR1873556,gomes2021,,ERR1873556,PRJEB14199,NA,0,0,NA,
ERR1873436,gomes2021,,ERR1873436,PRJEB14199,NA,0,0,NA,
ERR1873558,gomes2021,,ERR1873558,PRJEB14199,NA,0,0,NA,
ERR1873564,gomes2021,,ERR1873564,PRJEB14199,NA,0,0,NA,
ERR1873448,gomes2021,,ERR1873448,PRJEB14199,NA,0,0,NA,
ERR1873442,gomes2021,,ERR1873442,PRJEB14199,NA,0,0,NA,
ERR1873444,gomes2021,,ERR1873444,PRJEB14199,NA,0,0,NA,
ERR1873559,gomes2021,,ERR1873559,PRJEB14199,NA,0,0,NA,
ERR1873565,gomes2021,,ERR1873565,PRJEB14199,NA,0,0,NA,
ERR1873464,gomes2021,,ERR1873464,PRJEB14199,NA,0,0,NA,
ERR1873450,gomes2021,,ERR1873450,PRJEB14199,NA,0,0,NA,
ERR1873451,gomes2021,,ERR1873451,PRJEB14199,NA,0,0,NA,
ERR1873449,gomes2021,,ERR1873449,PRJEB14199,NA,0,0,NA,
ERR1873452,gomes2021,,ERR1873452,PRJEB14199,NA,0,0,NA,
ERR1873454,gomes2021,,ERR1873454,PRJEB14199,NA,0,0,NA,
ERR1873443,gomes2021,,ERR1873443,PRJEB14199,NA,0,0,NA,
ERR1873456,gomes2021,,ERR1873456,PRJEB14199,NA,0,0,NA,
ERR1873458,gomes2021,,ERR1873458,PRJEB14199,NA,0,0,NA,
ERR1873455,gomes2021,,ERR1873455,PRJEB14199,NA,0,0,NA,
ERR1873457,gomes2021,,ERR1873457,PRJEB14199,NA,0,0,NA,
ERR1873429,gomes2021,,ERR1873429,PRJEB14199,NA,0,0,NA,
ERR1873453,gomes2021,,ERR1873453,PRJEB14199,NA,0,0,NA,
ERR1873462,gomes2021,,ERR1873462,PRJEB14199,NA,0,0,NA,
ERR1873460,gomes2021,,ERR1873460,PRJEB14199,NA,1,0,NA,
ERR1873467,gomes2021,,ERR1873467,PRJEB14199,NA,0,0,NA,
ERR1873466,gomes2021,,ERR1873466,PRJEB14199,NA,0,0,NA,
ERR1873469,gomes2021,,ERR1873469,PRJEB14199,NA,0,0,NA,
ERR1873465,gomes2021,,ERR1873465,PRJEB14199,NA,0,0,NA,
ERR1873471,gomes2021,,ERR1873471,PRJEB14199,NA,0,0,NA,
ERR1873468,gomes2021,,ERR1873468,PRJEB14199,NA,0,0,NA,
ERR1873473,gomes2021,,ERR1873473,PRJEB14199,NA,0,0,NA,
ERR1873472,gomes2021,,ERR1873472,PRJEB14199,NA,0,0,NA,
ERR1873438,gomes2021,,ERR1873438,PRJEB14199,NA,0,0,NA,
ERR1873439,gomes2021,,ERR1873439,PRJEB14199,NA,0,0,NA,
ERR1873474,gomes2021,,ERR1873474,PRJEB14199,NA,0,0,NA,
ERR1873506,gomes2021,,ERR1873506,PRJEB14199,NA,0,0,NA,
ERR1873475,gomes2021,,ERR1873475,PRJEB14199,NA,0,0,NA,
ERR1873477,gomes2021,,ERR1873477,PRJEB14199,NA,0,0,NA,
ERR1873507,gomes2021,,ERR1873507,PRJEB14199,NA,0,0,NA,
ERR1873478,gomes2021,,ERR1873478,PRJEB14199,NA,0,0,NA,
ERR1873479,gomes2021,,ERR1873479,PRJEB14199,NA,0,0,NA,
ERR1873441,gomes2021,,ERR1873441,PRJEB14199,NA,0,0,NA,
ERR1873481,gomes2021,,ERR1873481,PRJEB14199,NA,0,0,NA,
ERR1873486,gomes2021,,ERR1873486,PRJEB14199,NA,0,0,NA,
ERR1873487,gomes2021,,ERR1873487,PRJEB14199,NA,0,0,NA,
ERR1873483,gomes2021,,ERR1873483,PRJEB14199,NA,0,0,NA,
ERR1873484,gomes2021,,ERR1873484,PRJEB14199,NA,0,0,NA,
ERR1873489,gomes2021,,ERR1873489,PRJEB14199,NA,0,0,NA,
ERR1873485,gomes2021,,ERR1873485,PRJEB14199,NA,0,0,NA,
ERR1873490,gomes2021,,ERR1873490,PRJEB14199,NA,0,0,NA,
ERR1873505,gomes2021,,ERR1873505,PRJEB14199,NA,0,0,NA,
ERR1873491,gomes2021,,ERR1873491,PRJEB14199,NA,0,0,NA,
ERR1873493,gomes2021,,ERR1873493,PRJEB14199,NA,0,0,NA,
ERR1873494,gomes2021,,ERR1873494,PRJEB14199,NA,0,0,NA,
ERR1873495,gomes2021,,ERR1873495,PRJEB14199,NA,0,0,NA,
ERR1873488,gomes2021,,ERR1873488,PRJEB14199,NA,0,0,NA,
ERR1873499,gomes2021,,ERR1873499,PRJEB14199,NA,0,0,NA,
ERR1873504,gomes2021,,ERR1873504,PRJEB14199,NA,0,0,NA,
ERR1873500,gomes2021,,ERR1873500,PRJEB14199,NA,0,0,NA,
ERR1873497,gomes2021,,ERR1873497,PRJEB14199,NA,0,0,NA,
ERR1873562,gomes2021,,ERR1873562,PRJEB14199,NA,0,0,NA,
ERR1873498,gomes2021,,ERR1873498,PRJEB14199,NA,0,0,NA,
ERR1873502,gomes2021,,ERR1873502,PRJEB14199,NA,0,0,NA,
ERR1873503,gomes2021,,ERR1873503,PRJEB14199,NA,0,0,NA,
ERR1873512,gomes2021,,ERR1873512,PRJEB14199,NA,0,0,NA,
ERR1873508,gomes2021,,ERR1873508,PRJEB14199,NA,0,0,NA,
ERR1873510,gomes2021,,ERR1873510,PRJEB14199,NA,0,0,NA,
ERR1873517,gomes2021,,ERR1873517,PRJEB14199,NA,0,0,NA,
ERR1873514,gomes2021,,ERR1873514,PRJEB14199,NA,0,0,NA,
ERR1873515,gomes2021,,ERR1873515,PRJEB14199,NA,0,0,NA,
ERR1873520,gomes2021,,ERR1873520,PRJEB14199,NA,0,0,NA,
ERR1873496,gomes2021,,ERR1873496,PRJEB14199,NA,0,0,NA,
ERR1873518,gomes2021,,ERR1873518,PRJEB14199,NA,0,0,NA,
ERR1873519,gomes2021,,ERR1873519,PRJEB14199,NA,0,0,NA,
ERR1873516,gomes2021,,ERR1873516,PRJEB14199,NA,0,0,NA,
ERR1873509,gomes2021,,ERR1873509,PRJEB14199,NA,0,0,NA,
ERR1873501,gomes2021,,ERR1873501,PRJEB14199,NA,0,0,NA,
ERR4872280,chesov2021,,ERR4872280,PRJEB41518,0,0,0,NA,
ERR4872337,chesov2021,,ERR4872337,PRJEB41518,0,0,0,NA,
ERR4872347,chesov2021,,ERR4872347,PRJEB41518,1,1,0,NA,
ERR4872336,chesov2021,,ERR4872336,PRJEB41518,0,0,0,NA,
ERR4872283,chesov2021,,ERR4872283,PRJEB41518,0,0,0,NA,
ERR4872300,chesov2021,,ERR4872300,PRJEB41518,0,0,0,NA,
ERR4872275,chesov2021,,ERR4872275,PRJEB41518,0,0,1,NA,
ERR4872346,chesov2021,,ERR4872346,PRJEB41518,0,0,0,NA,
ERR4872328,chesov2021,,ERR4872328,PRJEB41518,0,0,0,NA,
ERR4872316,chesov2021,,ERR4872316,PRJEB41518,0,0,0,NA,
ERR4872272,chesov2021,,ERR4872272,PRJEB41518,0,0,1,NA,
ERR4872298,chesov2021,,ERR4872298,PRJEB41518,0,0,1,NA,
ERR4872331,chesov2021,,ERR4872331,PRJEB41518,0,0,0,NA,
ERR4872289,chesov2021,,ERR4872289,PRJEB41518,0,0,0,NA,
ERR4872285,chesov2021,,ERR4872285,PRJEB41518,0,0,0,NA,
ERR4872309,chesov2021,,ERR4872309,PRJEB41518,0,0,0,NA,
ERR4872319,chesov2021,,ERR4872319,PRJEB41518,1,0,0,NA,
ERR4872302,chesov2021,,ERR4872302,PRJEB41518,0,0,0,NA,
ERR4872317,chesov2021,,ERR4872317,PRJEB41518,0,0,1,NA,
ERR4872332,chesov2021,,ERR4872332,PRJEB41518,0,0,1,NA,
ERR4872342,chesov2021,,ERR4872342,PRJEB41518,0,0,0,NA,
ERR4872329,chesov2021,,ERR4872329,PRJEB41518,0,0,0,NA,
ERR4872311,chesov2021,,ERR4872311,PRJEB41518,0,0,0,NA,
ERR4872335,chesov2021,,ERR4872335,PRJEB41518,0,0,0,NA,
ERR4872303,chesov2021,,ERR4872303,PRJEB41518,0,0,1,NA,
ERR4872355,chesov2021,,ERR4872355,PRJEB41518,0,0,0,NA,
ERR4872330,chesov2021,,ERR4872330,PRJEB41518,0,0,0,NA,
ERR4872357,chesov2021,,ERR4872357,PRJEB41518,0,0,0,NA,
ERR4872326,chesov2021,,ERR4872326,PRJEB41518,0,0,0,NA,
ERR4872294,chesov2021,,ERR4872294,PRJEB41518,0,0,0,NA,
ERR4872304,chesov2021,,ERR4872304,PRJEB41518,0,0,0,NA,
ERR4872315,chesov2021,,ERR4872315,PRJEB41518,0,0,0,NA,
ERR4872354,chesov2021,,ERR4872354,PRJEB41518,0,0,0,NA,
ERR4872270,chesov2021,,ERR4872270,PRJEB41518,0,0,0,NA,
ERR4872341,chesov2021,,ERR4872341,PRJEB41518,0,0,0,NA,
ERR4872265,chesov2021,,ERR4872265,PRJEB41518,0,0,0,NA,
ERR4872281,chesov2021,,ERR4872281,PRJEB41518,0,0,0,NA,
ERR4872266,chesov2021,,ERR4872266,PRJEB41518,0,0,0,NA,
ERR4872273,chesov2021,,ERR4872273,PRJEB41518,0,0,0,NA,
ERR4872264,chesov2021,,ERR4872264,PRJEB41518,0,0,1,NA,
ERR4872293,chesov2021,,ERR4872293,PRJEB41518,1,0,1,NA,
ERR4872306,chesov2021,,ERR4872306,PRJEB41518,0,0,0,NA,
ERR4872286,chesov2021,,ERR4872286,PRJEB41518,0,0,0,NA,
ERR4872344,chesov2021,,ERR4872344,PRJEB41518,0,0,0,NA,
ERR4872299,chesov2021,,ERR4872299,PRJEB41518,1,1,1,NA,
ERR4872338,chesov2021,,ERR4872338,PRJEB41518,0,0,0,NA,
ERR4872287,chesov2021,,ERR4872287,PRJEB41518,0,0,0,NA,
ERR4872349,chesov2021,,ERR4872349,PRJEB41518,0,0,0,NA,
ERR4872274,chesov2021,,ERR4872274,PRJEB41518,0,0,0,NA,
ERR4872278,chesov2021,,ERR4872278,PRJEB41518,0,0,0,NA,
ERR4872261,chesov2021,,ERR4872261,PRJEB41518,0,0,0,NA,
ERR4872269,chesov2021,,ERR4872269,PRJEB41518,1,0,1,NA,
ERR4872305,chesov2021,,ERR4872305,PRJEB41518,0,0,0,NA,
ERR4872334,chesov2021,,ERR4872334,PRJEB41518,0,0,0,NA,
ERR4872297,chesov2021,,ERR4872297,PRJEB41518,0,0,1,NA,
ERR4872348,chesov2021,,ERR4872348,PRJEB41518,0,0,0,NA,
ERR4872356,chesov2021,,ERR4872356,PRJEB41518,0,0,0,NA,
ERR4872277,chesov2021,,ERR4872277,PRJEB41518,0,0,0,NA,
ERR4872320,chesov2021,,ERR4872320,PRJEB41518,0,0,0,NA,
ERR4872339,chesov2021,,ERR4872339,PRJEB41518,0,0,0,NA,
ERR4872263,chesov2021,,ERR4872263,PRJEB41518,0,0,0,NA,
ERR4872276,chesov2021,,ERR4872276,PRJEB41518,0,0,0,NA,
ERR4872318,chesov2021,,ERR4872318,PRJEB41518,0,0,0,NA,
ERR4872308,chesov2021,,ERR4872308,PRJEB41518,0,0,0,NA,
ERR4872323,chesov2021,,ERR4872323,PRJEB41518,0,0,0,NA,
ERR4872314,chesov2021,,ERR4872314,PRJEB41518,0,0,0,NA,
ERR4872310,chesov2021,,ERR4872310,PRJEB41518,0,0,0,NA,
ERR4872288,chesov2021,,ERR4872288,PRJEB41518,0,0,0,NA,
ERR4872321,chesov2021,,ERR4872321,PRJEB41518,0,0,0,NA,
ERR4872307,chesov2021,,ERR4872307,PRJEB41518,0,0,0,NA,
ERR4872290,chesov2021,,ERR4872290,PRJEB41518,0,0,0,NA,
ERR4872284,chesov2021,,ERR4872284,PRJEB41518,0,0,0,NA,
ERR4872325,chesov2021,,ERR4872325,PRJEB41518,0,0,1,NA,
ERR4872340,chesov2021,,ERR4872340,PRJEB41518,0,0,0,NA,
ERR4872343,chesov2021,,ERR4872343,PRJEB41518,0,0,0,NA,
ERR4872313,chesov2021,,ERR4872313,PRJEB41518,0,0,0,NA,
ERR4872267,chesov2021,,ERR4872267,PRJEB41518,0,0,0,NA,
ERR4872350,chesov2021,,ERR4872350,PRJEB41518,0,0,0,NA,
ERR4872322,chesov2021,,ERR4872322,PRJEB41518,0,0,0,NA,
ERR4872301,chesov2021,,ERR4872301,PRJEB41518,0,0,1,NA,
ERR4872312,chesov2021,,ERR4872312,PRJEB41518,1,0,1,NA,
ERR4872292,chesov2021,,ERR4872292,PRJEB41518,0,0,1,NA,
ERR4872353,chesov2021,,ERR4872353,PRJEB41518,0,0,0,NA,
ERR4872295,chesov2021,,ERR4872295,PRJEB41518,0,0,1,NA,
ERR4872271,chesov2021,,ERR4872271,PRJEB41518,1,1,1,NA,
ERR4872327,chesov2021,,ERR4872327,PRJEB41518,0,0,0,NA,
ERR4872352,chesov2021,,ERR4872352,PRJEB41518,0,0,0,NA,
ERR4872279,chesov2021,,ERR4872279,PRJEB41518,0,0,0,NA,
ERR4872324,chesov2021,,ERR4872324,PRJEB41518,0,0,0,NA,
ERR4872333,chesov2021,,ERR4872333,PRJEB41518,0,0,0,NA,
ERR4872345,chesov2021,,ERR4872345,PRJEB41518,0,0,0,NA,
ERR4872268,chesov2021,,ERR4872268,PRJEB41518,0,0,0,NA,
ERR4872282,chesov2021,,ERR4872282,PRJEB41518,0,0,0,NA,
ERR4872351,chesov2021,,ERR4872351,PRJEB41518,0,0,0,NA,
ERR4872262,chesov2021,,ERR4872262,PRJEB41518,0,0,0,NA,
ERR4872291,chesov2021,,ERR4872291,PRJEB41518,0,0,0,NA,
ERR4872296,chesov2021,,ERR4872296,PRJEB41518,1,1,1,NA,
SRR8651606,chen2019,,SRR8651606,PRJNA522942,NA,0,NA,NA,
SRR8651604,chen2019,,SRR8651604,PRJNA522942,NA,0,NA,NA,
SRR8651619,chen2019,,SRR8651619,PRJNA522942,NA,0,NA,NA,
SRR8651566,chen2019,,SRR8651566,PRJNA522942,NA,0,NA,NA,
SRR8651581,chen2019,,SRR8651581,PRJNA522942,NA,0,NA,NA,
SRR8651662,chen2019,,SRR8651662,PRJNA522942,NA,0,NA,NA,
SRR8651635,chen2019,,SRR8651635,PRJNA522942,NA,0,NA,NA,
IEMDR04,roycroft2018,,IEMDR04,PRJEB15076,NA,0,NA,NA,
IEXDR1,roycroft2018,,IEXDR1,NA,NA,0,NA,NA,
IEMDR05,roycroft2018,,IEMDR05,PRJEB15076,NA,0,NA,NA,
IEMDR14,roycroft2018,,IEMDR14,PRJEB15076,NA,0,NA,NA,
IEMDR07,roycroft2018,,IEMDR07,PRJEB15076,NA,0,NA,NA,
IEMDR09,roycroft2018,,IEMDR09,PRJEB15076,NA,0,NA,NA,
IEMDR10,roycroft2018,,IEMDR10,PRJEB15076,NA,0,NA,NA,
IEMDR11,roycroft2018,,IEMDR11,PRJEB15076,NA,0,NA,NA,
IEMDR12,roycroft2018,,IEMDR12,PRJEB15076,NA,0,NA,NA,
IEMDR13,roycroft2018,,IEMDR13,PRJEB15076,NA,1,NA,NA,
IEMDR17,roycroft2018,,IEMDR17,PRJEB15076,NA,0,NA,NA,
IEMDR18,roycroft2018,,IEMDR18,PRJEB15076,NA,0,0,NA,
IEMDR19,roycroft2018,,IEMDR19,PRJEB15076,NA,0,NA,NA,
IEMDR20,roycroft2018,,IEMDR20,PRJEB15076,NA,0,0,NA,
IEMDR21,roycroft2018,,IEMDR21,PRJEB15076,NA,0,NA,NA,
IEMDR28,roycroft2018,,IEMDR28,PRJEB15076,NA,0,0,NA,
IEMDR24,roycroft2018,,IEMDR24,PRJEB15076,NA,NA,0,NA,
IEMDR29,roycroft2018,,IEMDR29,PRJEB15076,NA,NA,0,NA,
IEMDR30,roycroft2018,,IEMDR30,PRJEB15076,NA,NA,0,NA,
IEMDR31,roycroft2018,,IEMDR31,PRJEB15076,NA,NA,0,NA,
IEMDR32,roycroft2018,,IEMDR32,PRJEB15076,NA,1,0,NA,
IEMDR27,roycroft2018,,IEMDR27,PRJEB15076,NA,NA,0,NA,
IEMDR35,roycroft2018,,IEMDR35,PRJEB15076,NA,NA,0,NA,
ERR2864229,macedo2019,,ERR2864229,NA,NA,NA,0,NA,
ERR2864249,macedo2019,,ERR2864249,NA,NA,NA,0,NA,
ERR2864261,macedo2019,,ERR2864261,NA,NA,NA,0,NA,
ERR2864270,macedo2019,,ERR2864270,NA,NA,NA,0,NA,
ERR2864277,macedo2019,,ERR2864277,NA,NA,NA,0,NA,
ERR2864297,macedo2019,,ERR2864297,NA,NA,NA,0,NA,
SRR11098556,reichmuth2020,,SRR11098556,NA,NA,NA,NA,0,
SRR11098557,reichmuth2020,,SRR11098557,NA,NA,NA,NA,0,
SRR11098558,reichmuth2020,,SRR11098558,NA,NA,NA,NA,1,
SRR3724811,reichmuth2020,,SRR3724811,NA,NA,NA,NA,1,
SRR3725356,reichmuth2020,,SRR3725356,NA,NA,NA,NA,1,
SRR3725710,reichmuth2020,,SRR3725710,NA,NA,NA,NA,0,
SRR3725721,reichmuth2020,,SRR3725721,NA,NA,NA,NA,0,
SRR3732710,reichmuth2020,,SRR3732710,NA,NA,NA,NA,0,
SRR3732726,reichmuth2020,,SRR3732726,NA,NA,NA,NA,1,
SRR7517741,reichmuth2020,,SRR7517741,NA,NA,NA,NA,0,
SRR7517760,reichmuth2020,,SRR7517760,NA,NA,NA,NA,0,